ID,Name,Taxonomy,Type_Species
103,Beipiaosaurus,"Dinosauria, Saurischia, Theropoda, Neotherapoda, Tetanurae, Avetherapoda, Coelurosauria, Tyrannoraptora, Maniraptoriformes, Maniraptora, Therizinosauroidea, Beipiaosaurus",inexpectus
109,Mussaurus,"Dinosauria, Saurischia, Sauropodomorpha, Prosauropoda, Plateosauria, Plateosauridae, Mussaurus",patagonicus
111,Styracosaurus,"Dinosauria, Ornithischia, Genasauria, Cerapoda, Marginocephalia, Ceratopsia, Neoceratopsia, Coronosauria, Ceratopsomorpha, Ceratopsidae, Centrosaurinae, Styracosaurus",albertensis
112,Eoraptor,"Dinosauria, Saurischia, Theropoda, Eoraptor",lunensis
113,Coelurus,"Dinosauria, Saurischia, Theropoda, Neotherapoda, Tetanurae, Avetherapoda, Coelurosauria, Coelurus",fragilis
118,Leaellynasaura,"Dinosauria, Ornithischia, Genasauria, Cerapoda, Ornithopoda, Euornithopoda, Leaellynasaura",amicagraphica
119,Syntarsus ,"Dinosauria, Saurischia, Theropoda, Neotherapoda, Ceratosauria, Coelophysoidea, Coelophysidae, Syntarsus",rhodesiensis
121,Dryptosaurus,"Dinosauria, Saurischia, Theropoda, Neotherapoda, Tetanurae, Avetherapoda, Coelurosauria, Tyrannoraptora, Tyrannosauroidea, Dryptosaurus",aquilunguis
126,Mamenchisaurus,"Dinosauria, Saurischia, Sauropodomorpha, Sauropoda, Eusauropoda, Mamenchisaurus",constructus
129,Achelousaurus,"Dinosauria, Ornithischia, Genasauria, Cerapoda, Marginocephalia, Ceratopsia, Neoceratopsia, Coronosauria, Ceratopsomorpha, Ceratopsidae, Centrosaurinae, Achelousaurus",horneri
134,Aragosaurus,"Dinosauria, Saurischia, Sauropodomorpha, Sauropoda, Eusauropoda, Aragosaurus",ischiadicus
136,Panoplosaurus,"Dinosauria, Ornithischia, Genasauria, Thyreophora, Ankylosauromorpha, Ankylosauria, Nodosauridae, Panoplosaurus",mirus
137,Probactrosaurus,"Dinosauria, Ornithischia, Genasauria, Cerapoda, Ornithopoda, Euornithopoda, Iguanadontia, Euiguanadontia, Dryomorpha, Ankylopollexia, Iguanodontoidea, Probactrosaurus",gobiensis
141,Ouranosaurus,"Dinosauria, Ornithischia, Genasauria, Cerapoda, Ornithopoda, Euornithopoda, Iguanadontia, Euiguanadontia, Dryomorpha, Ankylopollexia, Iguanodontoidea, Ouranosaurus",nigeriensis
142,Dromiceiomimus,"Dinosauria, Saurischia, Theropoda, Neotherapoda, Tetanurae, Avetherapoda, Coelurosauria, Tyrannoraptora, Maniraptoriformes, Ornithomimosauria, Ornithomimidae, Dromiceiomimus",brevitertius
148,Gorgosaurus,"Dinosauria, Saurischia, Theropoda, Neotherapoda, Tetanurae, Avetherapoda, Coelurosauria, Tyrannoraptora, Tyrannosauroidea, Tyrannosauridae, Albertosaurinae, Gorgosaurus",libratus
151,Seismosaurus,"Dinosauria, Saurischia, Sauropodomorpha, Sauropoda, Eusauropoda, Neosauropoda, Diplodocoidea, Diplodocidae, Seismosaurus",hallorum
152,Urbacodon,"Dinosauria, Saurischia, Urbacodon",itemirensis
153,Barosaurus,"Dinosauria, Saurischia, Sauropodomorpha, Sauropoda, Eusauropoda, Neosauropoda, Diplodocoidea, Diplodocidae, Barosaurus",lentus
155,Wuerhosaurus,"Dinosauria, Ornithischia, Genasauria, Thyreophora, Stegosauria, Stegosauridae, Stegosaurinae, Wuerhosaurus",homheni
156,Sonidosaurus,"Dinosauria, Saurischia, Sauropodomorpha, Sauropoda, Eusauropoda, Neosauropoda, Macronaria, Camarasauromorpha, Titanosauriformes, Titanosauria, Sonidosaurus",saihangaobiensis
157,Minmi,"Dinosauria, Ornithischia, Genasauria, Thyreophora, Ankylosauromorpha, Ankylosauria, Minmi",paravertebra
160,Noasaurus,"Dinosauria, Saurischia, Theropoda, Neotherapoda, Ceratosauria, Neoceratosauria, Abelisauroidea, Abelisauria, Noasaurus",leali
164,Elaphrosaurus,"Dinosauria, Saurischia, Theropoda, Neotherapoda, Ceratosauria, Neoceratosauria, Elaphrosaurus",bambergi
165,Ampelosaurus,"Dinosauria, Saurischia, Sauropodomorpha, Sauropoda, Eusauropoda, Neosauropoda, Macronaria, Camarasauromorpha, Titanosauriformes, Titanosauria, Lithostrotia, Ampelosaurus",atacis
167,Liaoceratops,"Dinosauria, Ornithischia, Genasauria, Cerapoda, Marginocephalia, Ceratopsia, Neoceratopsia, Liaoceratops",yanzigouensis
169,Proceratosaurus,"Dinosauria, Saurischia, Theropoda, Neotherapoda, Tetanurae, Avetherapoda, Coelurosauria, Proceratosaurus",bradleyi
171,Struthiosaurus,"Dinosauria, Ornithischia, Genasauria, Thyreophora, Ankylosauromorpha, Ankylosauria, Nodosauridae, Struthiosaurus",austriacus
174,Baryonyx,"Dinosauria, Saurischia, Theropoda, Neotherapoda, Tetanurae, Spinosauroidea, Spinosauridae, Baryonychinae, Baryonyx",walkeri
175,Pisanosaurus,"Dinosauria, Ornithischia, Pisanosaurus",merti
176,Talarurus,"Dinosauria, Ornithischia, Genasauria, Thyreophora, Ankylosauromorpha, Ankylosauria, Ankylosauridae, Talarurus",plicatospineus
177,Achillobator,"Dinosauria, Saurischia, Theropoda, Neotherapoda, Tetanurae, Avetherapoda, Coelurosauria, Tyrannoraptora, Maniraptoriformes, Maniraptora, Paraves, Eumaniraptora, Dromaeosauridae, Achillobator",giganteus
180,Mapusaurus,"Dinosauria, Saurischia, Theropoda, Neotherapoda, Tetanurae, Avetherapoda, Carnosauria, Allosauroidea, Allosauridae, Charcharodontosauridae, Giganotosaurinae, Mapusaurus",roseae
183,Hagryphus,"Dinosauria, Saurischia, Theropoda, Neotherapoda, Tetanurae, Avetherapoda, Coelurosauria, Tyrannoraptora, Maniraptoriformes, Maniraptora, Oviraptorosauria, Hagryphus",giganteus
187,Antarctopelta,"Dinosauria, Ornithischia, Genasauria, Thyreophora, Ankylosauromorpha, Ankylosauria, Antarctopelta",oliveroi
194,Lycorhinus,"Dinosauria, Ornithischia, Genasauria, Cerapoda, Heterodontosauridae, Lycorhinus",angustidens
197,Sinosauropteryx,"Dinosauria, Saurischia, Theropoda, Neotherapoda, Tetanurae, Avetherapoda, Coelurosauria, Compsognathidae, Sinosauropteryx",prima
200,Telmatosaurus,"Dinosauria, Ornithischia, Genasauria, Cerapoda, Ornithopoda, Euornithopoda, Iguanadontia, Euiguanadontia, Dryomorpha, Ankylopollexia, Iguanodontoidea, Hadrosauridae, Telmatosaurus",transsylvanicus
208,Dryosaurus,"Dinosauria, Ornithischia, Genasauria, Cerapoda, Ornithopoda, Euornithopoda, Iguanadontia, Euiguanadontia, Dryomorpha, Dryosauridae, Dryosaurus",altus
209,Gallimimus,"Dinosauria, Saurischia, Theropoda, Neotherapoda, Tetanurae, Avetherapoda, Coelurosauria, Tyrannoraptora, Maniraptoriformes, Ornithomimosauria, Ornithomimidae, Gallimimus",bullatus
213,Hypselosaurus,"Dinosauria, Saurischia, Sauropodomorpha, Sauropoda, Eusauropoda, Neosauropoda, Macronaria, Camarasauromorpha, Titanosauriformes, Titanosauria, Hypselosaurus",priscus
217,Herrerasaurus,"Dinosauria, Saurischia, Theropoda, Herrerasauridae, Herrerasaurus",ischigualastensis
219,Confuciusornis,"Dinosauria, Saurischia, Theropoda, Neotherapoda, Tetanurae, Avetherapoda, Coelurosauria, Tyrannoraptora, Maniraptoriformes, Maniraptora, Paraves, Eumaniraptoria, Avialae, Ornithurae, Avibrevicauda, Pygostylia, Confuciusornithidae, Confuciusornis",sanctus
220,Bagaceratops,"Dinosauria, Ornithischia, Genasauria, Cerapoda, Marginocephalia, Ceratopsia, Neoceratopsia, Bagaceratopsidae, Bagaceratops",rozhdestvenskyi
223,Polacanthus,"Dinosauria, Ornithischia, Genasauria, Thyreophora, Ankylosauromorpha, Ankylosauria, Polacanthus",foxii
227,Abelisaurus,"Dinosauria, Saurischia, Theropoda, Neotherapoda, Ceratosauria, Neoceratosauria, Abelisauridae, Abelisaurinae, Abelisaurus",comahuensis
228,Protoceratops,"Dinosauria, Ornithischia, Genasauria, Cerapoda, Marginocephalia, Ceratopsia, Neoceratopsia, Coronosauria, Protoceratops",andrewsi
232,Khaan,"Dinosauria, Saurischia, Theropoda, Neotherapoda, Tetanurae, Avetherapoda, Coelurosauria, Tyrannoraptora, Maniraptoriformes, Maniraptora, Oviraptorosauria, Caenagnathoidea, Oviraptoridae, Ingeniinae, Khaan",mckennai
234,Scutellosaurus,"Dinosauria, Ornithischia, Genasauria, Thyreophora, Scutellosaurus",lawleri
239,Udanoceratops,"Dinosauria, Ornithischia, Genasauria, Cerapoda, Marginocephalia, Ceratopsia, Neoceratopsia, Udanoceratops",tschizhovi
240,Bellusaurus,"Dinosauria, Saurischia, Sauropodomorpha, Sauropoda, Eusauropoda, Neosauropoda, Macronaria, Bellusaurus",sui
242,Lexovisaurus,"Dinosauria, Ornithischia, Genasauria, Thyreophora, Stegosauria, Stegosauridae, Stegosaurinae, Lexovisaurus",durobrivensis
245,Gasosaurus,"Dinosauria, Saurischia, Theropoda, Neotherapoda, Tetanurae, Avetherapoda, Gasosaurus",constructus
247,Segisaurus,"Dinosauria, Saurischia, Theropoda, Neotherapoda, Ceratosauria, Coelophysoidea, Coelophysidae, Segisaurus",halli
248,Utahraptor,"Dinosauria, Saurischia, Theropoda, Neotherapoda, Tetanurae, Avetherapoda, Coelurosauria, Tyrannoraptora, Maniraptoriformes, Maniraptora, Paraves, Eumaniraptora, Dromaeosauridae, Utahraptor",ostrommaysorum
252,Tsagantegia,"Dinosauria, Ornithischia, Genasauria, Thyreophora, Ankylosauromorpha, Ankylosauria, Ankylosauridae, Tsagantegia",longicranialis
253,Saltasaurus,"Dinosauria, Saurischia, Sauropodomorpha, Sauropoda, Eusauropoda, Neosauropoda, Macronaria, Camarasauromorpha, Titanosauriformes, Titanosauria, Lithostrotia, Saltasauridae, Saltasaurus",loricatus
262,Emausaurus,"Dinosauria, Ornithischia, Genasauria, Thyreophora, Emausaurus",ernsti
265,Garudimimus,"Dinosauria, Saurischia, Theropoda, Neotherapoda, Tetanurae, Avetherapoda, Coelurosauria, Tyrannoraptora, Maniraptoriformes, Ornithomimosauria, Garudimimus",brevipes
266,Anatotitan,"Dinosauria, Ornithischia, Genasauria, Cerapoda, Ornithopoda, Euornithopoda, Iguanadontia, Euiguanadontia, Dryomorpha, Ankylopollexia, Iguanodontoidea, Hadrosauridae, Euhadrosauria, Hadrosaurinae, Anatotitan",copei
268,Yangchuanosaurus,"Dinosauria, Saurischia, Theropoda, Neotherapoda, Tetanurae, Avetherapoda, Carnosauria, Allosauroidea, Sinraptoridae, Yangchuanosaurus",shangyouensis
270,Rebbachisaurus,"Dinosauria, Saurischia, Sauropodomorpha, Sauropoda, Eusauropoda, Neosauropoda, Diplodocoidea, Rebbachisauridae, Rebbachisaurus",garasbae
271,Cedarpelta,"Dinosauria, Ornithischia, Genasauria, Thyreophora, Ankylosauromorpha, Ankylosauria, Ankylosauridae, Cedarpelta",bilbeyhallorum
272,Chaoyangsaurus,"Dinosauria, Ornithischia, Genasauria, Cerapoda, Marginocephalia, Ceratopsia, Neoceratopsia, Chaoyangsaurus",youngi
275,Agilisaurus,"Dinosauria, Ornithischia, Genasauria, Cerapoda, Ornithopoda, Euornithopoda, Agilisaurus",louderbacki
276,Eotyrannus,"Dinosauria, Saurischia, Theropoda, Neotherapoda, Tetanurae, Avetherapoda, Coelurosauria, Tyrannoraptora, Tyrannosauroidea, Eotyrannus",lengi
277,Brachylophosaurus,"Dinosauria, Ornithischia, Genasauria, Cerapoda, Ornithopoda, Euornithopoda, Iguanadontia, Euiguanadontia, Dryomorpha, Ankylopollexia, Iguanodontoidea, Hadrosauridae, Euhadrosauria, Hadrosaurinae, Brachylophosaurus",canadensis
279,Nigersaurus,"Dinosauria, Saurischia, Sauropodomorpha, Sauropoda, Eusauropoda, Neosauropoda, Diplodocoidea, Rebbachisauridae, Nigersaurus",taqueti
280,Leptoceratops,"Dinosauria, Ornithischia, Genasauria, Cerapoda, Marginocephalia, Ceratopsia, Neoceratopsia, Coronosauria, Leptoceratops",gracilis
284,Troodon,"Dinosauria, Saurischia, Theropoda, Neotherapoda, Tetanurae, Avetherapoda, Coelurosauria, Tyrannoraptora, Maniraptoriformes, Maniraptora, Paraves, Eumaniraptoria, Troodontidae, Troodon",formosus
289,Podokesaurus,"Dinosauria, Saurischia, Theropoda, Neotherapoda, Ceratosauria, Coelophysoidea, Podokesaurus",holyokensis
290,Saurophaganax,"Dinosauria, Saurischia, Theropoda, Neotherapoda, Tetanurae, Avetherapoda, Carnosauria, Allosauroidea, Allosauridae, Saurophaganax",maximus
293,Pachycephalosaurus,"Dinosauria, Ornithischia, Genasauria, Cerapoda, Marginocephalia, Pachycephalosauria, Goyocephala, Homalocephaloidea, Pachycephalosauridae, Pachycephalosaurus",wyomingensis
294,Euskelosaurus,"Dinosauria, Saurischia, Sauropodomorpha, Prosauropoda, Plateosauria, Plateosauridae, Euskelosaurus",browni
295,Bugenasaura,"Dinosauria, Ornithischia, Genasauria, Cerapoda, Ornithopoda, Euornithopoda, Bugenasaura",infernalis
301,Erlikosaurus,"Dinosauria, Saurischia, Theropoda, Neotherapoda, Tetanurae, Avetherapoda, Coelurosauria, Tyrannoraptora, Maniraptoriformes, Maniraptora, Therizinosauroidea, Therizinosauridae, Erlikosaurus",andrewsi
302,Maiasaura,"Dinosauria, Ornithischia, Genasauria, Cerapoda, Ornithopoda, Euornithopoda, Iguanadontia, Euiguanadontia, Dryomorpha, Ankylopollexia, Iguanodontoidea, Hadrosauridae, Euhadrosauria, Hadrosaurinae, Maiasaura",peeblesorum
307,Sinocalliopteryx,"Dinosauria, Saurischia, Sinocalliopteryx",gigas
308,Kentrosaurus,"Dinosauria, Ornithischia, Genasauria, Thyreophora, Stegosauria, Stegosauridae, Stegosaurinae, Kentrosaurus",aethiopicus
311,Brachiosaurus,"Dinosauria, Saurischia, Sauropodomorpha, Sauropoda, Eusauropoda, Neosauropoda, Macronaria, Camarasauromorpha, Titanosauriformes, Brachiosauridae, Brachiosaurus",altithorax
316,Lesothosaurus,"Dinosauria, Ornithischia, Lesothosaurus",diagnosticus
317,Euhelopus,"Dinosauria, Saurischia, Sauropodomorpha, Sauropoda, Eusauropoda, Euhelopus",zdanskyi
318,Nomingia,"Dinosauria, Saurischia, Theropoda, Neotherapoda, Tetanurae, Avetherapoda, Coelurosauria, Tyrannoraptora, Maniraptoriformes, Maniraptora, Oviraptorosauria, Caenagnathoidea, Caenagnathidae, Nomingia",gobiensis
319,Psittacosaurus,"Dinosauria, Ornithischia, Genasauria, Cerapoda, Marginocephalia, Ceratopsia, Psittacosauridae, Psittacosaurus",mongoliensis
321,Melanorosaurus,"Dinosauria, Saurischia, Sauropodomorpha, Prosauropoda, Anchisauria, Melanorosauridae, Melanorosaurus",readi
324,Tenontosaurus,"Dinosauria, Ornithischia, Genasauria, Cerapoda, Ornithopoda, Euornithopoda, Iguanadontia, Tenontosaurus",tillettorum
325,Tsintaosaurus,"Dinosauria, Ornithischia, Genasauria, Cerapoda, Ornithopoda, Euornithopoda, Iguanadontia, Euiguanadontia, Dryomorpha, Ankylopollexia, Iguanodontoidea, Hadrosauridae, Euhadrosauria, Lambeosaurinae, Tsintaosaurus",spinorhinus
328,Brachyceratops,"Dinosauria, Ornithischia, Genasauria, Cerapoda, Marginocephalia, Ceratopsia, Neoceratopsia, Coronosauria, Ceratopsomorpha, Ceratopsidae, Centrosaurinae, Brachyceratops",montanensis
338,Yimenosaurus,"Dinosauria, Saurischia, Sauropodomorpha, Prosauropoda, Yimenosaurus",youngi
341,Equijubus,"Dinosauria, Ornithischia, Genasauria, Cerapoda, Ornithopoda, Euornithopoda, Iguanadontia, Euiguanadontia, Dryomorpha, Ankylopollexia, Iguanodontoidea, Equijubus",normani
344,Gastonia,"Dinosauria, Ornithischia, Genasauria, Thyreophora, Ankylosauromorpha, Ankylosauria, Gastonia",burgei
345,Edmontonia,"Dinosauria, Ornithischia, Genasauria, Thyreophora, Ankylosauromorpha, Ankylosauria, Nodosauridae, Edmontonia",longiceps
346,Ingenia,"Dinosauria, Saurischia, Theropoda, Neotherapoda, Tetanurae, Avetherapoda, Coelurosauria, Tyrannoraptora, Maniraptoriformes, Maniraptora, Oviraptorosauria, Caenagnathoidea, Oviraptoridae, Ingeniinae, Ingenia",yanshini
347,Prenocephale,"Dinosauria, Ornithischia, Genasauria, Cerapoda, Marginocephalia, Pachycephalosauria, Goyocephala, Homalocephaloidea, Pachycephalosauridae, Prenocephale",prenes
350,Yuanmousaurus,"Dinosauria, Saurischia, Sauropodomorpha, Sauropoda, Eusauropoda, Yuanmousaurus",jiangyiensis
353,Triceratops,"Dinosauria, Ornithischia, Genasauria, Cerapoda, Marginocephalia, Ceratopsia, Neoceratopsia, Coronosauria, Ceratopsomorpha, Ceratopsidae, Chasmosaurinae, Triceratops",horridus
356,Rhabdodon,"Dinosauria, Ornithischia, Genasauria, Cerapoda, Ornithopoda, Euornithopoda, Iguanadontia, Rhabdodontidae, Rhabdodon",priscus
358,Maxakalisaurus,"Dinosauria, Saurischia, Sauropodomorpha, Sauropoda, Eusauropoda, Neosauropoda, Macronaria, Camarasauromorpha, Titanosauriformes, Titanosauria, Lithostrotia, Saltasauridae, Saltasaurinae, Maxakalisaurus",topai
359,Quaesitosaurus,"Dinosauria, Saurischia, Sauropodomorpha, Sauropoda, Eusauropoda, Neosauropoda, Diplodocoidea, Nemegtosauridae, Quaesitosaurus",orientalis
360,Aegyptosaurus,"Dinosauria, Saurischia, Sauropodomorpha, Sauropoda, Eusauropoda, Neosauropoda, Macronaria, Camarasauromorpha, Titanosauriformes, Titanosauria, Aegyptosaurus",baharijensis
361,Amygdalodon,"Dinosauria, Saurischia, Sauropodomorpha, Sauropoda, Eusauropoda, Amygdalodon",patagonicus
362,Centrosaurus,"Dinosauria, Ornithischia, Genasauria, Cerapoda, Marginocephalia, Ceratopsia, Neoceratopsia, Coronosauria, Ceratopsomorpha, Ceratopsidae, Centrosaurinae, Centrosaurus",apertus
366,Irritator,"Dinosauria, Saurischia, Theropoda, Neotherapoda, Tetanurae, Spinosauroidea, Spinosauridae, Spinosaurinae, Irritator",challengeri
369,Graciliceratops,"Dinosauria, Ornithischia, Genasauria, Cerapoda, Marginocephalia, Ceratopsia, Neoceratopsia, Graciliceratops",mongoliensis
370,Carcharodontosaurus,"Dinosauria, Saurischia, Theropoda, Neotherapoda, Tetanurae, Avetherapoda, Carnosauria, Allosauroidea, Carcharodontosauridae, Carcharodontosaurus",saharicus
371,Lambeosaurus,"Dinosauria, Ornithischia, Genasauria, Cerapoda, Ornithopoda, Euornithopoda, Iguanadontia, Euiguanadontia, Dryomorpha, Ankylopollexia, Iguanodontoidea, Hadrosauridae, Euhadrosauria, Lambeosaurinae, Lambeosaurus",lambei
376,Tyrannosaurus,"Dinosauria, Saurischia, Theropoda, Neotherapoda, Tetanurae, Avetherapoda, Coelurosauria, Tyrannoraptora, Tyrannosauroidea, Tyrannosauridae, Tyrannosaurinae, Tyrannosaurus",rex
379,Cetiosauriscus,"Dinosauria, Saurischia, Sauropodomorpha, Sauropoda, Eusauropoda, Neosauropoda, Diplodocoidea, Cetiosauriscus",stewarti
382,Jinzhousaurus,"Dinosauria, Ornithischia, Genasauria, Cerapoda, Ornithopoda, Euornithopoda, Iguanadontia, Euiguanadontia, Dryomorpha, Ankylopollexia, Iguanodontoidea, Jinzhousaurus",yangi
388,Sinvenator,"Dinosauria, Saurischia, Theropoda, Neotherapoda, Tetanurae, Avetherapoda, Coelurosauria, Tyrannoraptora, Maniraptoriformes, Maniraptora, Paraves, Eumaniraptoria, Troodontidae, Sinvenator",changii
391,Buitreraptor,"Dinosauria, Saurischia, Theropoda, Neotherapoda, Tetanurae, Avetherapoda, Coelurosauria, Tyrannoraptora, Maniraptoriformes, Maniraptora, Paraves, Eumaniraptora, Dromaeosauridae, Unenlagiinae, Buitreraptor",gonzalezorum
392,Gryposaurus,"Dinosauria, Ornithischia, Genasauria, Cerapoda, Ornithopoda, Euornithopoda, Iguanadontia, Euiguanadontia, Dryomorpha, Ankylopollexia, Iguanodontoidea, Hadrosauridae, Euhadrosauria, Hadrosaurinae, Gryposaurus",notabilis
393,Liliensternus,"Dinosauria, Saurischia, Theropoda, Neotherapoda, Ceratosauria, Coelophysoidea, Liliensternus",liliensterni
394,Shamosaurus,"Dinosauria, Ornithischia, Genasauria, Thyreophora, Ankylosauromorpha, Ankylosauria, Ankylosauridae, Shamosaurus",scutatus
396,Zuniceratops,"Dinosauria, Ornithischia, Genasauria, Cerapoda, Marginocephalia, Ceratopsia, Neoceratopsia, Coronosauria, Ceratopsomorpha, Zuniceratops",christopheri
399,Atlascopcosaurus,"Dinosauria, Ornithischia, Genasauria, Cerapoda, Ornithopoda, Euornithopoda, Atlascopcosaurus",loadsi
402,Piatnitzkysaurus,"Dinosauria, Saurischia, Theropoda, Neotherapoda, Tetanurae, Spinosauroidea, Megalosauridae, Eustreptospondylinae, Piatnitzkysaurus",floresi
405,Allosaurus,"Dinosauria, Saurischia, Theropoda, Neotherapoda, Tetanurae, Avetherapoda, Carnosauria, Allosauroidea, Allosauridae, Allosaurus",fragilis
406,Afrovenator,"Dinosauria, Saurischia, Theropoda, Neotherapoda, Tetanurae, Spinosauroidea, Megalosauridae, Eustreptospondylinae, Afrovenator",abakensis
409,Vulcanodon,"Dinosauria, Saurischia, Sauropodomorpha, Sauropoda, Vulcanodontidae, Vulcanodon",karibaensis
414,Anchiceratops,"Dinosauria, Ornithischia, Genasauria, Cerapoda, Marginocephalia, Ceratopsia, Neoceratopsia, Coronosauria, Ceratopsomorpha, Ceratopsidae, Chasmosaurinae, Anchiceratops",ornatus
415,Lophorhothon,"Dinosauria, Ornithischia, Genasauria, Cerapoda, Ornithopoda, Euornithopoda, Iguanadontia, Euiguanadontia, Dryomorpha, Ankylopollexia, Iguanodontoidea, Hadrosauridae, Euhadrosauria, Hadrosaurinae, Lophorhothon",atopus
416,Zephyrosaurus,"Dinosauria, Ornithischia, Genasauria, Cerapoda, Ornithopoda, Euornithopoda, Zephyrosaurus",schaffi
418,Iguanodon,"Dinosauria, Ornithischia, Genasauria, Cerapoda, Ornithopoda, Euornithopoda, Iguanadontia, Euiguanadontia, Dryomorpha, Ankylopollexia, Iguanodontoidea, Iguanodon",bernissartensis
420,Massospondylus,"Dinosauria, Saurischia, Sauropodomorpha, Prosauropoda, Plateosauria, Plateosauridae, Massospondylus",carinatus
421,Deltadromeus,"Dinosauria, Saurischia, Theropoda, Neotherapoda, Tetanurae, Avetherapoda, Coelurosauria, Deltadromeus",agilis
429,Fukuisaurus,"Dinosauria, Ornithischia, Genasauria, Cerapoda, Ornithopoda, Euornithopoda, Iguanadontia, Euiguanadontia, Dryomorpha, Ankylopollexia, Iguanodontoidea, Fukuisaurus",tetoriensius
432,Lamaceratops,"Dinosauria, Ornithischia, Genasauria, Cerapoda, Marginocephalia, Ceratopsia, Neoceratopsia, Bagaceratopsidae, Lamaceratops",tereschenkoi
435,Erketu,"Dinosauria, Saurischia, Sauropodomorpha, Sauropoda, Eusauropoda, Neosauropoda, Macronaria, Camarasauromorpha, Titanosauriformes, Titanosauria, Erketu",ellisoni
437,Nanshiungosaurus,"Dinosauria, Saurischia, Theropoda, Neotherapoda, Tetanurae, Avetherapoda, Coelurosauria, Tyrannoraptora, Maniraptoriformes, Maniraptora, Therizinosauroidea, Therizinosauridae, Nanshiungosaurus",brevispinus
445,Homalocephale,"Dinosauria, Ornithischia, Genasauria, Cerapoda, Marginocephalia, Pachycephalosauria, Goyocephala, Homalocephaloidea, Homalocephale",calathocercos
446,Orodromeus,"Dinosauria, Ornithischia, Genasauria, Cerapoda, Ornithopoda, Euornithopoda, Orodromeus",makelai
450,Cetiosaurus,"Dinosauria, Saurischia, Sauropodomorpha, Sauropoda, Eusauropoda, Cetiosauridae, Cetiosaurus",oxoniensis
451,Pelicanimimus,"Dinosauria, Saurischia, Theropoda, Neotherapoda, Tetanurae, Avetherapoda, Coelurosauria, Tyrannoraptora, Maniraptoriformes, Ornithomimosauria, Pelicanimimus",polyodon
455,Alioramus,"Dinosauria, Saurischia, Theropoda, Neotherapoda, Tetanurae, Avetherapoda, Coelurosauria, Tyrannoraptora, Tyrannosauroidea, Alioramus",remotus
457,Guanlong,"Dinosauria, Saurischia, Theropoda, Neotherapoda, Tetanurae, Avetherapoda, Coelurosauria, Tyrannoraptora, Tyrannosauroidea, Guanlong",wucaii
462,Valdosaurus,"Dinosauria, Ornithischia, Genasauria, Cerapoda, Ornithopoda, Euornithopoda, Iguanadontia, Euiguanadontia, Dryomorpha, Dryosauridae, Valdosaurus",canaliculatus
464,Torosaurus,"Dinosauria, Ornithischia, Genasauria, Cerapoda, Marginocephalia, Ceratopsia, Neoceratopsia, Coronosauria, Ceratopsomorpha, Ceratopsidae, Chasmosaurinae, Torosaurus",latus
466,Paralititan,"Dinosauria, Saurischia, Sauropodomorpha, Sauropoda, Eusauropoda, Neosauropoda, Macronaria, Camarasauromorpha, Titanosauriformes, Titanosauria, Lithostrotia, Paralititan",stromeri
468,Opisthocoelicaudia,"Dinosauria, Saurischia, Sauropodomorpha, Sauropoda, Eusauropoda, Neosauropoda, Macronaria, Camarasauromorpha, Titanosauriformes, Titanosauria, Lithostrotia, Saltasauridae, Opisthocoelicaudia",skarzynskii
469,Alectrosaurus,"Dinosauria, Saurischia, Theropoda, Neotherapoda, Tetanurae, Avetherapoda, Coelurosauria, Tyrannoraptora, Tyrannosauroidea, Alectrosaurus",olseni
473,Mononykus,"Dinosauria, Saurischia, Theropoda, Neotherapoda, Tetanurae, Avetherapoda, Coelurosauria, Tyrannoraptora, Maniraptoriformes, Maniraptora, Alvarezsauridae, Mononykus",olecranus
475,Monolophosaurus,"Dinosauria, Saurischia, Theropoda, Neotherapoda, Tetanurae, Avetherapoda, Carnosauria, Monolophosaurus",jiangi
477,Bambiraptor,"Dinosauria, Saurischia, Theropoda, Neotherapoda, Tetanurae, Avetherapoda, Coelurosauria, Tyrannoraptora, Maniraptoriformes, Maniraptora, Paraves, Eumaniraptora, Dromaeosauridae, Bambiraptor",feinbergorum
478,Poekilopleuron,"Dinosauria, Saurischia, Theropoda, Neotherapoda, Tetanurae, Spinosauroidea, Megalosauridae, Megalosaurinae, Poekilopleuron",bucklandii
480,Haplocanthosaurus,"Dinosauria, Saurischia, Sauropodomorpha, Sauropoda, Eusauropoda, Neosauropoda, Macronaria, Camarasauromorpha, Camarasauridae, Haplocanthosaurus",priscus
482,Conchoraptor,"Dinosauria, Saurischia, Theropoda, Neotherapoda, Tetanurae, Avetherapoda, Coelurosauria, Tyrannoraptora, Maniraptoriformes, Maniraptora, Oviraptorosauria, Caenagnathoidea, Oviraptoridae, Ingeniinae, Conchoraptor",gracilis
484,Hesperosaurus,"Dinosauria, Ornithischia, Genasauria, Thyreophora, Stegosauria, Stegosauridae, Stegosaurinae, Hesperosaurus",mjosi
491,Bactrosaurus,"Dinosauria, Ornithischia, Genasauria, Cerapoda, Ornithopoda, Euornithopoda, Iguanadontia, Euiguanadontia, Dryomorpha, Ankylopollexia, Iguanodontoidea, Hadrosauridae, Bactrosaurus",johnsoni
502,Therizinosaurus,"Dinosauria, Saurischia, Theropoda, Neotherapoda, Tetanurae, Avetherapoda, Coelurosauria, Tyrannoraptora, Maniraptoriformes, Maniraptora, Therizinosauroidea, Therizinosauridae, Therizinosaurus",cheloniformis
503,Shuvuuia,"Dinosauria, Saurischia, Theropoda, Neotherapoda, Tetanurae, Avetherapoda, Coelurosauria, Tyrannoraptora, Maniraptoriformes, Maniraptora, Alvarezsauridae, Shuvuuia",deserti
505,Nqwebasaurus,"Dinosauria, Saurischia, Theropoda, Neotherapoda, Tetanurae, Avetherapoda, Coelurosauria, Nqwebasaurus",thwazi
506,Avalonia,"Dinosauria, Saurischia, Sauropodomorpha, Prosauropoda, Anchisauria, Melanorosauridae, Avalonia",sanfordi
508,Tarbosaurus,"Dinosauria, Saurischia, Theropoda, Neotherapoda, Tetanurae, Avetherapoda, Coelurosauria, Tyrannoraptora, Tyrannosauroidea, Tyrannosauridae, Tyrannosaurinae, Tarbosaurus",bataar
509,Muttaburrasaurus,"Dinosauria, Ornithischia, Genasauria, Cerapoda, Ornithopoda, Euornithopoda, Iguanadontia, Euiguanadontia, Dryomorpha, Ankylopollexia, Iguanodontoidea, Muttaburrasaurus",langdoni
510,Chinshakiangosaurus,"Dinosauria, Saurischia, Sauropodomorpha, Sauropoda, Chinshakiangosaurus",zhongheensis
511,Sauropelta,"Dinosauria, Ornithischia, Genasauria, Thyreophora, Ankylosauromorpha, Ankylosauria, Nodosauridae, Sauropelta",edwardsorum
513,Camptosaurus,"Dinosauria, Ornithischia, Genasauria, Cerapoda, Ornithopoda, Euornithopoda, Iguanadontia, Euiguanadontia, Dryomorpha, Ankylopollexia, Camptosaurus",dispar
518,Anchisaurus,"Dinosauria, Saurischia, Sauropodomorpha, Prosauropoda, Anchisauria, Anchisauridae, Anchisaurus",polyzelous
520,Huayangosaurus,"Dinosauria, Ornithischia, Genasauria, Thyreophora, Stegosauria, Huayangosauridae, Huayangosaurus",taibaii
521,Microraptor,"Dinosauria, Saurischia, Theropoda, Neotherapoda, Tetanurae, Avetherapoda, Coelurosauria, Tyrannoraptora, Maniraptoriformes, Maniraptora, Paraves, Eumaniraptora, Dromaeosauridae, Microraptor",zhaoianus
522,Guaibasaurus,"Dinosauria, Saurischia, Theropoda, Guaibasaurus",candelariensis
523,Aucasaurus,"Dinosauria, Saurischia, Theropoda, Neotherapoda, Ceratosauria, Neoceratosauria, Abelisauroidea, Abelisauria, Aucasaurus",garridoi
524,Deinonychus,"Dinosauria, Saurischia, Theropoda, Neotherapoda, Tetanurae, Avetherapoda, Coelurosauria, Tyrannoraptora, Maniraptoriformes, Maniraptora, Paraves, Eumaniraptora, Dromaeosauridae, Deinonychus",antirrhopus
526,Saichania,"Dinosauria, Ornithischia, Genasauria, Thyreophora, Ankylosauromorpha, Ankylosauria, Ankylosauridae, Saichania",chulsanensis
530,Argentinosaurus,"Dinosauria, Saurischia, Sauropodomorpha, Sauropoda, Eusauropoda, Neosauropoda, Macronaria, Camarasauromorpha, Titanosauriformes, Titanosauria, Argentinosaurus",huinculensis
531,Zalmoxes,"Dinosauria, Ornithischia, Genasauria, Cerapoda, Ornithopoda, Euornithopoda, Iguanadontia, Rhabdodontidae, Zalmoxes",robustus
536,Pantydraco,"Dinosauria, Saurischia, Pantydraco",caducus
547,Hadrosaurus,"Dinosauria, Ornithischia, Genasauria, Cerapoda, Ornithopoda, Euornithopoda, Iguanadontia, Euiguanadontia, Dryomorpha, Ankylopollexia, Iguanodontoidea, Hadrosauridae, Euhadrosauria, Hadrosaurinae, Hadrosaurus",foulkii
548,Heterodontosaurus,"Dinosauria, Ornithischia, Genasauria, Cerapoda, Heterodontosauridae, Heterodontosaurus",tucki
552,Gargoyleosaurus,"Dinosauria, Ornithischia, Genasauria, Thyreophora, Ankylosauromorpha, Ankylosauria, Gargoyleosaurus",parkpinorum
553,Alamosaurus,"Dinosauria, Saurischia, Sauropodomorpha, Sauropoda, Eusauropoda, Neosauropoda, Macronaria, Camarasauromorpha, Titanosauriformes, Titanosauria, Lithostrotia, Alamosaurus",sanjuanensis
554,Nipponosaurus,"Dinosauria, Ornithischia, Genasauria, Cerapoda, Ornithopoda, Euornithopoda, Iguanadontia, Euiguanadontia, Dryomorpha, Ankylopollexia, Iguanodontoidea, Hadrosauridae, Euhadrosauria, Lambeosaurinae, Nipponosaurus",sachalinensis
559,Archaeoceratops,"Dinosauria, Ornithischia, Genasauria, Cerapoda, Marginocephalia, Ceratopsia, Neoceratopsia, Archaeoceratops",oshimai
563,Arrhinoceratops,"Dinosauria, Ornithischia, Genasauria, Cerapoda, Marginocephalia, Ceratopsia, Neoceratopsia, Coronosauria, Ceratopsomorpha, Ceratopsidae, Chasmosaurinae, Arrhinoceratops",brachyops
564,Pelorosaurus,"Dinosauria, Saurischia, Sauropodomorpha, Sauropoda, Eusauropoda, Neosauropoda, Macronaria, Camarasauromorpha, Titanosauriformes, Pelorosaurus",conybearei
565,Saurolophus,"Dinosauria, Ornithischia, Genasauria, Cerapoda, Ornithopoda, Euornithopoda, Iguanadontia, Euiguanadontia, Dryomorpha, Ankylopollexia, Iguanodontoidea, Hadrosauridae, Euhadrosauria, Hadrosaurinae, Saurolophus",osborni
568,Scelidosaurus,"Dinosauria, Ornithischia, Genasauria, Thyreophora, Scelidosauridae, Scelidosaurus",harrisonii
569,Lurdusaurus,"Dinosauria, Ornithischia, Genasauria, Cerapoda, Ornithopoda, Euornithopoda, Iguanadontia, Euiguanadontia, Dryomorpha, Ankylopollexia, Iguanodontoidea, Lurdusaurus",arenatus
570,Micropachycephalosaurus,"Dinosauria, Ornithischia, Genasauria, Cerapoda, Marginocephalia, Pachycephalosauria, Micropachycephalosaurus",hongtuyanensis
572,Gilmoreosaurus,"Dinosauria, Ornithischia, Genasauria, Cerapoda, Ornithopoda, Euornithopoda, Iguanadontia, Euiguanadontia, Dryomorpha, Ankylopollexia, Iguanodontoidea, Hadrosauridae, Gilmoreosaurus",mongoliensis
573,Sinornithosaurus,"Dinosauria, Saurischia, Theropoda, Neotherapoda, Tetanurae, Avetherapoda, Coelurosauria, Tyrannoraptora, Maniraptoriformes, Maniraptora, Paraves, Eumaniraptora, Dromaeosauridae, Sinornithosaurus",millenii
577,Carnotaurus,"Dinosauria, Saurischia, Theropoda, Neotherapoda, Ceratosauria, Neoceratosauria, Abelisauridae, Carnotaurus",sastrei
581,Protarchaeopteryx,"Dinosauria, Saurischia, Theropoda, Neotherapoda, Tetanurae, Avetherapoda, Coelurosauria, Tyrannoraptora, Maniraptoriformes, Maniraptora, Paraves, Eumaniraptora, Protarchaeopteryx",robusta
583,Fukuiraptor,"Dinosauria, Saurischia, Theropoda, Neotherapoda, Tetanurae, Avetherapoda, Carnosauria, Fukuiraptor",kitadaniensis
585,Plateosaurus,"Dinosauria, Saurischia, Sauropodomorpha, Prosauropoda, Plateosauria, Plateosauridae, Plateosaurus",engelhardti
588,Tuojiangosaurus,"Dinosauria, Ornithischia, Genasauria, Thyreophora, Stegosauria, Stegosauridae, Stegosaurinae, Tuojiangosaurus",multispinus
591,Anserimimus,"Dinosauria, Saurischia, Theropoda, Neotherapoda, Tetanurae, Avetherapoda, Coelurosauria, Tyrannoraptora, Maniraptoriformes, Ornithomimosauria, Ornithomimidae, Anserimimus",planinychus
593,Cryolophosaurus,"Dinosauria, Saurischia, Theropoda, Neotherapoda, Tetanurae, Avetherapoda, Carnosauria, Cryolophosaurus",elliotti
594,Rugops,"Dinosauria, Saurischia, Theropoda, Neotherapoda, Ceratosauria, Neoceratosauria, Abelisauridae, Rugops",primus
595,Riojasaurus,"Dinosauria, Saurischia, Sauropodomorpha, Prosauropoda, Anchisauria, Melanorosauridae, Riojasaurus",incertus
596,Ornithomimus,"Dinosauria, Saurischia, Theropoda, Neotherapoda, Tetanurae, Avetherapoda, Coelurosauria, Tyrannoraptora, Maniraptoriformes, Ornithomimosauria, Ornithomimidae, Ornithomimus",velox
599,Shanag,"Dinosauria, Saurischia, Shanag",ashile
604,Ankylosaurus,"Dinosauria, Ornithischia, Genasauria, Thyreophora, Ankylosauromorpha, Ankylosauria, Ankylosauridae, Ankylosaurus",magniventris
608,Coloradisaurus,"Dinosauria, Saurischia, Sauropodomorpha, Prosauropoda, Plateosauria, Plateosauridae, Coloradisaurus",brevis
609,Europasaurus,"Dinosauria, Saurischia, Sauropodomorpha, Sauropoda, Eusauropoda, Neosauropoda, Macronaria, Europasaurus",holgeri
612,Kritosaurus,"Dinosauria, Ornithischia, Genasauria, Cerapoda, Ornithopoda, Euornithopoda, Iguanadontia, Euiguanadontia, Dryomorpha, Ankylopollexia, Iguanodontoidea, Hadrosauridae, Euhadrosauria, Hadrosaurinae, Kritosaurus",navajovius
616,Juravenator,"Dinosauria, Saurischia, Theropoda, Neotherapoda, Tetanurae, Avetherapoda, Coelurosauria, Compsognathidae, Juravenator",starki
617,Metriacanthosaurus,"Dinosauria, Saurischia, Theropoda, Neotherapoda, Tetanurae, Metriacanthosaurus",parkeri
618,Eolambia,"Dinosauria, Ornithischia, Genasauria, Cerapoda, Ornithopoda, Euornithopoda, Iguanadontia, Euiguanadontia, Dryomorpha, Ankylopollexia, Iguanodontoidea, Eolambia",caroljonesa
626,Jaxartosaurus,"Dinosauria, Ornithischia, Genasauria, Cerapoda, Ornithopoda, Euornithopoda, Iguanadontia, Euiguanadontia, Dryomorpha, Ankylopollexia, Iguanodontoidea, Hadrosauridae, Euhadrosauria, Lambeosaurinae, Jaxartosaurus",aralensis
628,Pinacosaurus,"Dinosauria, Ornithischia, Genasauria, Thyreophora, Ankylosauromorpha, Ankylosauria, Ankylosauridae, Pinacosaurus",grangeri
629,Chungkingosaurus,"Dinosauria, Ornithischia, Genasauria, Thyreophora, Stegosauria, Stegosauridae, Stegosaurinae, Chungkingosaurus",jiangbeiensis
631,Stegosaurus,"Dinosauria, Ornithischia, Genasauria, Thyreophora, Stegosauria, Stegosauridae, Stegosaurinae, Stegosaurus",armatus
632,Deinocheirus,"Dinosauria, Saurischia, Theropoda, Neotherapoda, Tetanurae, Avetherapoda, Coelurosauria, Tyrannoraptora, Maniraptoriformes, Ornithomimosauria, Deinocheirus",mirificus
635,Datousaurus,"Dinosauria, Saurischia, Sauropodomorpha, Sauropoda, Datousaurus",bashanensis
636,Albertaceratops,"Dinosauria, Ornithischia, Albertaceratops",nesmoi
645,Borogovia,"Dinosauria, Saurischia, Theropoda, Neotherapoda, Tetanurae, Avetherapoda, Coelurosauria, Tyrannoraptora, Maniraptoriformes, Maniraptora, Paraves, Eumaniraptoria, Troodontidae, Borogovia",gracilicrus
647,Suchomimus,"Dinosauria, Saurischia, Theropoda, Neotherapoda, Tetanurae, Spinosauroidea, Spinosauridae, Baryonychinae, Suchomimus",tenerensis
654,Aardonyx,"Dinosauria, Saurischia, Sauropodomorpha, Prosauropoda, Anchisauria, Aardonyx",celestae
656,Ceratosaurus,"Dinosauria, Saurischia, Theropoda, Neotherapoda, Ceratosauria, Neoceratosauria, Ceratosaurus",nasicornis
660,Dacentrurus,"Dinosauria, Ornithischia, Genasauria, Thyreophora, Stegosauria, Stegosauridae, Dacentrurus",armatus
663,Saltopus,"Dinosauria, Saltopus, Saltopus",elginensis
670,Pentaceratops,"Dinosauria, Ornithischia, Genasauria, Cerapoda, Marginocephalia, Ceratopsia, Neoceratopsia, Coronosauria, Ceratopsomorpha, Ceratopsidae, Chasmosaurinae, Pentaceratops",sternbergi
673,Hypacrosaurus,"Dinosauria, Ornithischia, Genasauria, Cerapoda, Ornithopoda, Euornithopoda, Iguanadontia, Euiguanadontia, Dryomorpha, Ankylopollexia, Iguanodontoidea, Hadrosauridae, Euhadrosauria, Lambeosaurinae, Hypacrosaurus",altispinus
675,Dilophosaurus,"Dinosauria, Saurischia, Theropoda, Neotherapoda, Ceratosauria, Coelophysoidea, Dilophosaurus",wetherilli
676,Isisaurus,"Dinosauria, Saurischia, Sauropodomorpha, Sauropoda, Eusauropoda, Neosauropoda, Macronaria, Camarasauromorpha, Titanosauriformes, Titanosauria, Lithostrotia, Isisaurus",colberti
678,Yandusaurus,"Dinosauria, Ornithischia, Genasauria, Cerapoda, Ornithopoda, Euornithopoda, Yandusaurus",hongheensis
684,Dicraeosaurus,"Dinosauria, Saurischia, Sauropodomorpha, Sauropoda, Eusauropoda, Neosauropoda, Diplodocoidea, Dicraeosauridae, Dicraeosaurus",hansemanni
685,Jingshanosaurus,"Dinosauria, Saurischia, Sauropodomorpha, Prosauropoda, Plateosauria, Jingshanosaurus",xinwaensis
686,Rinchenia,"Dinosauria, Saurischia, Theropoda, Neotherapoda, Tetanurae, Avetherapoda, Coelurosauria, Tyrannoraptora, Maniraptoriformes, Maniraptora, Oviraptorosauria, Caenagnathoidea, Oviraptoridae, Oviraptorinae, Rinchenia",mongoliensis
692,Nothronychus,"Dinosauria, Saurischia, Theropoda, Neotherapoda, Tetanurae, Avetherapoda, Coelurosauria, Tyrannoraptora, Maniraptoriformes, Maniraptora, Therizinosauroidea, Therizinosauridae, Nothronychus",mckinleyi
697,Silvisaurus,"Dinosauria, Ornithischia, Genasauria, Thyreophora, Ankylosauromorpha, Ankylosauria, Nodosauridae, Silvisaurus",condrayi
700,Secernosaurus,"Dinosauria, Ornithischia, Genasauria, Cerapoda, Ornithopoda, Euornithopoda, Iguanadontia, Euiguanadontia, Dryomorpha, Ankylopollexia, Iguanodontoidea, Hadrosauridae, Secernosaurus",koerneri
705,Albertosaurus,"Dinosauria, Saurischia, Theropoda, Neotherapoda, Tetanurae, Avetherapoda, Coelurosauria, Tyrannoraptora, Tyrannosauroidea, Tyrannosauridae, Albertosaurinae, Albertosaurus",libratus
713,Pachyrhinosaurus,"Dinosauria, Ornithischia, Genasauria, Cerapoda, Marginocephalia, Ceratopsia, Neoceratopsia, Coronosauria, Ceratopsomorpha, Ceratopsidae, Centrosaurinae, Pachyrhinosaurus",canadensis
718,Tylocephale,"Dinosauria, Ornithischia, Genasauria, Cerapoda, Marginocephalia, Pachycephalosauria, Goyocephala, Homalocephaloidea, Pachycephalosauridae, Tylocephale",gilmorei
722,Microceratops,"Dinosauria, Ornithischia, Genasauria, Cerapoda, Marginocephalia, Ceratopsia, Neoceratopsia, Coronosauria, Microceratops",gobiensis
726,Gasparinisaura,"Dinosauria, Ornithischia, Genasauria, Cerapoda, Ornithopoda, Euornithopoda, Gasparinisaura",cincosaltensis
731,Lufengosaurus,"Dinosauria, Saurischia, Sauropodomorpha, Prosauropoda, Plateosauria, Plateosauridae, Lufengosaurus",huenei
732,Rhoetosaurus,"Dinosauria, Saurischia, Sauropodomorpha, Sauropoda, Rhoetosaurus",brownei
736,Edmontosaurus,"Dinosauria, Ornithischia, Genasauria, Cerapoda, Ornithopoda, Euornithopoda, Iguanadontia, Euiguanadontia, Dryomorpha, Ankylopollexia, Iguanodontoidea, Hadrosauridae, Euhadrosauria, Hadrosaurinae, Edmontosaurus",regalis
738,Shunosaurus,"Dinosauria, Saurischia, Sauropodomorpha, Sauropoda, Eusauropoda, Shunosaurus",lii
740,Magyarosaurus,"Dinosauria, Saurischia, Sauropodomorpha, Sauropoda, Eusauropoda, Neosauropoda, Macronaria, Camarasauromorpha, Titanosauriformes, Titanosauria, Lithostrotia, Magyarosaurus",dacus
743,Eustreptospondylus,"Dinosauria, Saurischia, Theropoda, Neotherapoda, Tetanurae, Spinosauroidea, Megalosauridae, Eustreptospondylinae, Eustreptospondylus",oxoniensis
746,Stenopelix,"Dinosauria, Ornithischia, Genasauria, Cerapoda, Marginocephalia, Pachycephalosauria, Stenopelix",valdensis
747,Amargasaurus,"Dinosauria, Saurischia, Sauropodomorpha, Sauropoda, Eusauropoda, Neosauropoda, Diplodocoidea, Dicraeosauridae, Amargasaurus",cazaui
748,Procompsognathus,"Dinosauria, Saurischia, Theropoda, Neotherapoda, Ceratosauria, Coelophysoidea, Procompsognathus",triassicus
752,Spinosaurus,"Dinosauria, Saurischia, Theropoda, Neotherapoda, Tetanurae, Spinosauroidea, Spinosauridae, Spinosaurinae, Spinosaurus",aegyptiacus
754,Janenschia,"Dinosauria, Saurischia, Sauropodomorpha, Sauropoda, Eusauropoda, Neosauropoda, Macronaria, Camarasauromorpha, Titanosauriformes, Titanosauria, Janenschia",robusta
757,Oryctodromeus,"Dinosauria, Ornithischia, Oryctodromeus",cubicularis
759,Tarchia,"Dinosauria, Ornithischia, Genasauria, Thyreophora, Ankylosauromorpha, Ankylosauria, Ankylosaurinae, Tarchia",gigantea
760,Omeisaurus,"Dinosauria, Saurischia, Sauropodomorpha, Sauropoda, Eusauropoda, Omeisaurus",junghsiensis
761,Stegoceras,"Dinosauria, Ornithischia, Genasauria, Cerapoda, Marginocephalia, Pachycephalosauria, Goyocephala, Homalocephaloidea, Pachycephalosauridae, Stegoceras",validum
768,Barapasaurus,"Dinosauria, Saurischia, Sauropodomorpha, Sauropoda, Eusauropoda, Cetiosauridae, Barapasaurus",tagorei
772,Sinraptor,"Dinosauria, Saurischia, Theropoda, Neotherapoda, Tetanurae, Avetherapoda, Carnosauria, Allosauroidea, Sinraptoridae, Sinraptor",hepingensis
775,Acrocanthosaurus,"Dinosauria, Saurischia, Theropoda, Neotherapoda, Tetanurae, Avetherapoda, Carnosauria, Allosauroidea, Carcharodontosauridae, Acrocanthosaurus",atokensis
776,Kotasaurus,"Dinosauria, Saurischia, Sauropodomorpha, Sauropoda, Kotasaurus",yamanpalliensis
778,Yunnanosaurus,"Dinosauria, Saurischia, Sauropodomorpha, Prosauropoda, Plateosauria, Yunnanosaurus",huangi
779,Chirostenotes,"Dinosauria, Saurischia, Theropoda, Neotherapoda, Tetanurae, Avetherapoda, Coelurosauria, Tyrannoraptora, Maniraptoriformes, Maniraptora, Oviraptorosauria, Caenagnathoidea, Caenagnathidae, Chirostenotes",pergracilis
781,Giraffatitan,"Dinosauria, Saurischia, Sauropodomorpha, Sauropoda, Eusauropoda, Neosauropoda, Macronaria, Camarasauromorpha, Titanosauriformes, Brachiosauridae, Giraffatitan",brancai
786,Ligabuesaurus,"Dinosauria, Saurischia, Sauropodomorpha, Sauropoda, Eusauropoda, Neosauropoda, Macronaria, Camarasauromorpha, Titanosauriformes, Titanosauria, Ligabuesaurus",leanzai
789,Protohadros,"Dinosauria, Ornithischia, Genasauria, Cerapoda, Ornithopoda, Euornithopoda, Iguanadontia, Euiguanadontia, Dryomorpha, Ankylopollexia, Iguanodontoidea, Protohadros",byrdi
791,Brachytrachelopan,"Dinosauria, Saurischia, Sauropodomorpha, Sauropoda, Eusauropoda, Neosauropoda, Diplodocoidea, Dicraeosauridae, Brachytrachelopan",mesai
793,Malawisaurus,"Dinosauria, Saurischia, Sauropodomorpha, Sauropoda, Eusauropoda, Neosauropoda, Macronaria, Camarasauromorpha, Titanosauriformes, Titanosauria, Lithostrotia, Malawisaurus",dixeyi
794,Othnielia,"Dinosauria, Ornithischia, Genasauria, Cerapoda, Ornithopoda, Euornithopoda, Othnielia",rex
795,Staurikosaurus,"Dinosauria, Saurischia, Theropoda, Herrerasauridae, Staurikosaurus",pricei
804,Coelophysis,"Dinosauria, Saurischia, Theropoda, Neotherapoda, Ceratosauria, Coelophysoidea, Coelophysidae, Coelophysis",bauri
805,Gobisaurus,"Dinosauria, Ornithischia, Genasauria, Thyreophora, Ankylosauromorpha, Ankylosauria, Ankylosauridae, Gobisaurus",domoculus
806,Prosaurolophus,"Dinosauria, Ornithischia, Genasauria, Cerapoda, Ornithopoda, Euornithopoda, Iguanadontia, Euiguanadontia, Dryomorpha, Ankylopollexia, Iguanodontoidea, Hadrosauridae, Euhadrosauria, Hadrosaurinae, Prosaurolophus",maximus
814,Harpymimus,"Dinosauria, Saurischia, Theropoda, Neotherapoda, Tetanurae, Avetherapoda, Coelurosauria, Tyrannoraptora, Maniraptoriformes, Ornithomimosauria, Harpymimus",okladnikovi
816,Chasmosaurus,"Dinosauria, Ornithischia, Genasauria, Cerapoda, Marginocephalia, Ceratopsia, Neoceratopsia, Coronosauria, Ceratopsomorpha, Ceratopsidae, Chasmosaurinae, Chasmosaurus",belli
817,Avaceratops,"Dinosauria, Ornithischia, Genasauria, Cerapoda, Marginocephalia, Ceratopsia, Neoceratopsia, Coronosauria, Ceratopsomorpha, Ceratopsidae, Centrosaurinae, Avaceratops",lammersi
818,Torvosaurus,"Dinosauria, Saurischia, Theropoda, Neotherapoda, Tetanurae, Spinosauroidea, Megalosauridae, Megalosaurinae, Torvosaurus",tanneri
819,Lapparentosaurus,"Dinosauria, Saurischia, Sauropodomorpha, Sauropoda, Eusauropoda, Neosauropoda, Macronaria, Camarasauromorpha, Titanosauriformes, Lapparentosaurus",madagascariensis
822,Diceratops,"Dinosauria, Ornithischia, Genasauria, Cerapoda, Marginocephalia, Ceratopsia, Neoceratopsia, Coronosauria, Ceratopsomorpha, Ceratopsidae, Chasmosaurinae, Diceratops",hatcheri
823,Jobaria,"Dinosauria, Saurischia, Sauropodomorpha, Sauropoda, Eusauropoda, Neosauropoda, Macronaria, Jobaria",tiguidensis
825,Daspletosaurus,"Dinosauria, Saurischia, Theropoda, Neotherapoda, Tetanurae, Avetherapoda, Coelurosauria, Tyrannoraptora, Tyrannosauroidea, Tyrannosauridae, Tyrannosaurinae, Daspletosaurus",torosus
833,Thecodontosaurus,"Dinosauria, Saurischia, Sauropodomorpha, Prosauropoda, Thecodontosaurus",antiquus
835,Nanotyrannus,"Dinosauria, Saurischia, Theropoda, Neotherapoda, Tetanurae, Avetherapoda, Coelurosauria, Tyrannoraptora, Tyrannosauroidea, Tyrannosauridae, Tyrannosaurinae, Nanotyrannus",lancenis
837,Saurornithoides,"Dinosauria, Saurischia, Theropoda, Neotherapoda, Tetanurae, Avetherapoda, Coelurosauria, Tyrannoraptora, Maniraptoriformes, Maniraptora, Paraves, Eumaniraptoria, Troodontidae, Saurornithoides",mongoliensis
839,Chialingosaurus,"Dinosauria, Ornithischia, Genasauria, Thyreophora, Stegosauria, Stegosauridae, Stegosaurinae, Chialingosaurus",kuani
840,Ammosaurus,"Dinosauria, Saurischia, Sauropodomorpha, Prosauropoda, Anchisauria, Anchisauridae, Ammosaurus",major
841,Yinlong,"Dinosauria, Ornithischia, Genasauria, Cerapoda, Marginocephalia, Ceratopsia, Yinlong",downsi
843,Sarcosaurus,"Dinosauria, Saurischia, Theropoda, Neotherapoda, Ceratosauria, Sarcosaurus",woodi
844,Compsognathus,"Dinosauria, Saurischia, Theropoda, Neotherapoda, Tetanurae, Avetherapoda, Coelurosauria, Compsognathidae, Compsognathus",longipes
845,Aralosaurus,"Dinosauria, Ornithischia, Genasauria, Cerapoda, Ornithopoda, Euornithopoda, Iguanadontia, Euiguanadontia, Dryomorpha, Ankylopollexia, Iguanodontoidea, Hadrosauridae, Euhadrosauria, Hadrosaurinae, Aralosaurus",tuberiferus
847,Camarasaurus,"Dinosauria, Saurischia, Sauropodomorpha, Sauropoda, Eusauropoda, Neosauropoda, Macronaria, Camarasauromorpha, Camarasauridae, Camarasaurus",supremus
848,Platyceratops,"Dinosauria, Ornithischia, Genasauria, Cerapoda, Marginocephalia, Ceratopsia, Neoceratopsia, Bagaceratopsidae, Platyceratops",tatarinovi
849,Ornitholestes,"Dinosauria, Saurischia, Theropoda, Neotherapoda, Tetanurae, Avetherapoda, Coelurosauria, Ornitholestes",hermanni
851,Struthiomimus,"Dinosauria, Saurischia, Theropoda, Neotherapoda, Tetanurae, Avetherapoda, Coelurosauria, Tyrannoraptora, Maniraptoriformes, Ornithomimosauria, Ornithomimidae, Struthiomimus",altus
856,Hylaeosaurus,"Dinosauria, Ornithischia, Genasauria, Thyreophora, Ankylosauromorpha, Ankylosauria, Hylaeosaurus",armatus
857,Patagosaurus,"Dinosauria, Saurischia, Sauropodomorpha, Sauropoda, Eusauropoda, Cetiosauridae, Patagosaurus",fariasi
859,Majungatholus,"Dinosauria, Saurischia, Theropoda, Neotherapoda, Ceratosauria, Neoceratosauria, Abelisauridae, Majungatholus",atopus
860,Shantungosaurus,"Dinosauria, Ornithischia, Genasauria, Cerapoda, Ornithopoda, Euornithopoda, Iguanadontia, Euiguanadontia, Dryomorpha, Ankylopollexia, Iguanodontoidea, Hadrosauridae, Euhadrosauria, Hadrosaurinae, Shantungosaurus",giganteus
861,Dromaeosaurus,"Dinosauria, Saurischia, Theropoda, Neotherapoda, Tetanurae, Avetherapoda, Coelurosauria, Tyrannoraptora, Maniraptoriformes, Maniraptora, Paraves, Eumaniraptora, Dromaeosauridae, Dromaeosaurus",albertensis
864,Parasaurolophus,"Dinosauria, Ornithischia, Genasauria, Cerapoda, Ornithopoda, Euornithopoda, Iguanadontia, Euiguanadontia, Dryomorpha, Ankylopollexia, Iguanodontoidea, Hadrosauridae, Euhadrosauria, Lambeosaurinae, Parasaurolophus",walkeri
867,Antarctosaurus,"Dinosauria, Saurischia, Sauropodomorpha, Sauropoda, Eusauropoda, Neosauropoda, Macronaria, Camarasauromorpha, Titanosauriformes, Titanosauria, Lithostrotia, Antarctosaurus",wichmannianus
868,Segnosaurus,"Dinosauria, Saurischia, Theropoda, Neotherapoda, Tetanurae, Avetherapoda, Coelurosauria, Tyrannoraptora, Maniraptoriformes, Maniraptora, Therizinosauroidea, Therizinosauridae, Segnosaurus",galbinensis
872,Tanius,"Dinosauria, Ornithischia, Genasauria, Cerapoda, Ornithopoda, Euornithopoda, Iguanadontia, Euiguanadontia, Dryomorpha, Ankylopollexia, Iguanodontoidea, Hadrosauridae, Tanius",sinensis
879,Nemegtosaurus,"Dinosauria, Saurischia, Sauropodomorpha, Sauropoda, Eusauropoda, Neosauropoda, Diplodocoidea, Nemegtosauridae, Nemegtosaurus",mongoliensis
885,Giganotosaurus,"Dinosauria, Saurischia, Theropoda, Neotherapoda, Tetanurae, Avetherapoda, Carnosauria, Allosauroidea, Carcharodontosauridae, Giganotosaurus",carolinii
887,Becklespinax,"Dinosauria, Saurischia, Theropoda, Neotherapoda, Tetanurae, Becklespinax",altispinax
894,Goyocephale,"Dinosauria, Ornithischia, Genasauria, Cerapoda, Marginocephalia, Pachycephalosauria, Goyocephala, Goyocephale",lattimorei
895,Caudipteryx,"Dinosauria, Saurischia, Theropoda, Neotherapoda, Tetanurae, Avetherapoda, Coelurosauria, Tyrannoraptora, Maniraptoriformes, Maniraptora, Oviraptorosauria, Caudipterygidae, Caudipteryx",zoui
896,Alvarezsaurus,"Dinosauria, Saurischia, Theropoda, Neotherapoda, Tetanurae, Avetherapoda, Coelurosauria, Tyrannoraptora, Maniraptoriformes, Maniraptora, Alvarezsauridae, Alvarezsaurus",calvoi
897,Dravidosaurus,"Dinosauria, Ornithischia, Genasauria, Thyreophora, Stegosauria, Stegosauridae, Dravidosaurus",blanfordi
900,Unenlagia,"Dinosauria, Saurischia, Theropoda, Neotherapoda, Tetanurae, Avetherapoda, Coelurosauria, Tyrannoraptora, Maniraptoriformes, Maniraptora, Paraves, Eumaniraptora, Dromaeosauridae, Unenlagia",comahuensis
901,Chindesaurus,"Dinosauria, Saurischia, Theropoda, Herrerasauridae, Chindesaurus",bryansmalli
904,Dracorex,"Dinosauria, Ornithischia, Genasauria, Cerapoda, Marginocephalia, Pachycephalosauria, Goyocephala, Homalocephaloidea, Pachycephalosauridae, Dracorex",hogwartsia
907,Chubutisaurus,"Dinosauria, Saurischia, Sauropodomorpha, Sauropoda, Eusauropoda, Neosauropoda, Macronaria, Camarasauromorpha, Titanosauriformes, Titanosauria, Chubutisaurus",insignis
908,Thescelosaurus,"Dinosauria, Ornithischia, Genasauria, Cerapoda, Ornithopoda, Euornithopoda, Thescelosaurus",neglectus
910,Oviraptor,"Dinosauria, Saurischia, Theropoda, Neotherapoda, Tetanurae, Avetherapoda, Coelurosauria, Tyrannoraptora, Maniraptoriformes, Maniraptora, Oviraptorosauria, Caenagnathoidea, Oviraptoridae, Oviraptorinae, Oviraptor",philoceratops
914,Indosuchus,"Dinosauria, Saurischia, Theropoda, Neotherapoda, Ceratosauria, Neoceratosauria, Indosuchus",raptorius
916,Neuquenosaurus,"Dinosauria, Saurischia, Sauropodomorpha, Sauropoda, Eusauropoda, Neosauropoda, Macronaria, Camarasauromorpha, Titanosauriformes, Titanosauria, Lithostrotia, Saltasauridae, Neuquenosaurus",australis
922,Supersaurus,"Dinosauria, Saurischia, Sauropodomorpha, Sauropoda, Eusauropoda, Neosauropoda, Diplodocoidea, Diplodocidae, Supersaurus",vivianae
923,Euoplocephalus,"Dinosauria, Ornithischia, Genasauria, Thyreophora, Ankylosauromorpha, Ankylosauria, Ankylosauridae, Euoplocephalus",tutus
926,Liaoxiornis,"Dinosauria, Saurischia, Theropoda, Neotherapoda, Tetanurae, Avetherapoda, Coelurosauria, Tyrannoraptora, Maniraptoriformes, Maniraptora, Paraves, Eumaniraptoria, Avialae, Ornithurae, Avibrevicauda, Pygostylia, Ornithathoraces, Enantiornithes, Liaoxiornis",delicatus
929,Stygimoloch,"Dinosauria, Ornithischia, Genasauria, Cerapoda, Marginocephalia, Pachycephalosauria, Goyocephala, Homalocephaloidea, Pachycephalosauridae, Stygimoloch",spinifer
931,Velociraptor,"Dinosauria, Saurischia, Theropoda, Neotherapoda, Tetanurae, Avetherapoda, Coelurosauria, Tyrannoraptora, Maniraptoriformes, Maniraptora, Paraves, Eumaniraptora, Dromaeosauridae, Velociraptor",mongoliensis
932,Archaeopteryx,"Dinosauria, Saurischia, Theropoda, Neotherapoda, Tetanurae, Avetherapoda, Coelurosauria, Tyrannoraptora, Maniraptoriformes, Maniraptora, Paraves, Eumaniraptoria, Avialae, Archaeopterygidae, Archaeopteryx",lithographica
934,Parksosaurus,"Dinosauria, Ornithischia, Genasauria, Cerapoda, Ornithopoda, Euornithopoda, Parksosaurus",warrenae
937,Corythosaurus,"Dinosauria, Ornithischia, Genasauria, Cerapoda, Ornithopoda, Euornithopoda, Iguanadontia, Euiguanadontia, Dryomorpha, Ankylopollexia, Iguanodontoidea, Hadrosauridae, Euhadrosauria, Lambeosaurinae, Corythosaurus",casuarius
939,Citipati,"Dinosauria, Saurischia, Theropoda, Neotherapoda, Tetanurae, Avetherapoda, Coelurosauria, Tyrannoraptora, Maniraptoriformes, Maniraptora, Oviraptorosauria, Caenagnathoidea, Oviraptoridae, Oviraptorinae, Citipati",osmolskae
942,Azendohsaurus,"Dinosauria, Saurischia, Sauropodomorpha, Prosauropoda, Azendohsaurus",laaroussi
943,Einiosaurus,"Dinosauria, Ornithischia, Genasauria, Cerapoda, Marginocephalia, Ceratopsia, Neoceratopsia, Coronosauria, Ceratopsomorpha, Ceratopsidae, Centrosaurinae, Einiosaurus",procurvicornis
946,Archaeornithomimus,"Dinosauria, Saurischia, Theropoda, Neotherapoda, Tetanurae, Avetherapoda, Coelurosauria, Tyrannoraptora, Maniraptoriformes, Ornithomimosauria, Ornithomimidae, Archaeornithomimus",asiaticus
954,Lophostropheus,"Dinosauria, Saurischia, Lophostropheus",airelensis
956,Dubreuillosaurus,"Dinosauria, Saurischia, Theropoda, Neotherapoda, Tetanurae, Spinosauroidea, Megalosauridae, Eustreptospondylinae, Dubreuillosaurus",valesdunensis
957,Masiakasaurus,"Dinosauria, Saurischia, Theropoda, Neotherapoda, Ceratosauria, Neoceratosauria, Abelisauroidea, Abelisauria, Masiakasaurus",knopfleri
958,Avimimus,"Dinosauria, Saurischia, Theropoda, Neotherapoda, Tetanurae, Avetherapoda, Coelurosauria, Tyrannoraptora, Maniraptoriformes, Maniraptora, Oviraptorosauria, Avimimidae, Avimimus",portentosus
961,Austrosaurus,"Dinosauria, Saurischia, Sauropodomorpha, Sauropoda, Eusauropoda, Neosauropoda, Macronaria, Camarasauromorpha, Titanosauriformes, Titanosauria, Austrosaurus",mckillopi
966,Yingshanosaurus,"Dinosauria, Ornithischia, Genasauria, Thyreophora, Stegosauria, Yingshanosaurus",jichuanensis
973,Marshosaurus,"Dinosauria, Saurischia, Theropoda, Neotherapoda, Tetanurae, Avetherapoda, Marshosaurus",bicentesimus
974,Hypsilophodon,"Dinosauria, Ornithischia, Genasauria, Cerapoda, Ornithopoda, Euornithopoda, Hypsilophodontidae, Hypsilophodon",foxii
981,Diplodocus,"Dinosauria, Saurischia, Sauropodomorpha, Sauropoda, Eusauropoda, Neosauropoda, Diplodocoidea, Diplodocidae, Diplodocus",longus
982,Megalosaurus,"Dinosauria, Saurischia, Theropoda, Neotherapoda, Tetanurae, Spinosauroidea, Megalosauridae, Megalosaurinae, Megalosaurus",bucklandii
985,Apatosaurus,"Dinosauria, Saurischia, Sauropodomorpha, Sauropoda, Eusauropoda, Neosauropoda, Diplodocoidea, Diplodocidae, Apatosaurus",ajax
987,Pleurocoelus,"Dinosauria, Saurischia, Sauropodomorpha, Sauropoda, Eusauropoda, Neosauropoda, Macronaria, Camarasauromorpha, Titanosauriformes, Pleurocoelus",nanus
988,Neovenator,"Dinosauria, Saurischia, Theropoda, Neotherapoda, Tetanurae, Avetherapoda, Carnosauria, Allosauroidea, Carcharodontosauridae, Neovenator",salerii
990,Nodosaurus,"Dinosauria, Ornithischia, Genasauria, Thyreophora, Ankylosauromorpha, Ankylosauria, Nodosauridae, Nodosaurus",textilis