ID,Name,Taxonomy,Type_species
316,Lesothosaurus,"Dinosauria, Ornithischia, Lesothosaurus",diagnosticus
446,Orodromeus,"Dinosauria, Ornithischia, Genasauria, Cerapoda, Ornithopoda, Euornithopoda, Orodromeus",makelai
284,Troodon,"Dinosauria, Saurischia, Theropoda, Neotherapoda, Tetanurae, Avetherapoda, Coelurosauria, Tyrannoraptora, Maniraptoriformes, Maniraptora, Paraves, Eumaniraptoria, Troodontidae, Troodon",formosus
804,Coelophysis,"Dinosauria, Saurischia, Theropoda, Neotherapoda, Ceratosauria, Coelophysoidea, Coelophysidae, Coelophysis",bauri
524,Deinonychus,"Dinosauria, Saurischia, Theropoda, Neotherapoda, Tetanurae, Avetherapoda, Coelurosauria, Tyrannoraptora, Maniraptoriformes, Maniraptora, Paraves, Eumaniraptora, Dromaeosauridae, Deinonychus",antirrhopus
861,Dromaeosaurus,"Dinosauria, Saurischia, Theropoda, Neotherapoda, Tetanurae, Avetherapoda, Coelurosauria, Tyrannoraptora, Maniraptoriformes, Maniraptora, Paraves, Eumaniraptora, Dromaeosauridae, Dromaeosaurus",albertensis
974,Hypsilophodon,"Dinosauria, Ornithischia, Genasauria, Cerapoda, Ornithopoda, Euornithopoda, Hypsilophodontidae, Hypsilophodon",foxii
319,Psittacosaurus,"Dinosauria, Ornithischia, Genasauria, Cerapoda, Marginocephalia, Ceratopsia, Psittacosauridae, Psittacosaurus",mongoliensis
420,Massospondylus,"Dinosauria, Saurischia, Sauropodomorpha, Prosauropoda, Plateosauria, Plateosauridae, Massospondylus",carinatus
895,Caudipteryx,"Dinosauria, Saurischia, Theropoda, Neotherapoda, Tetanurae, Avetherapoda, Coelurosauria, Tyrannoraptora, Maniraptoriformes, Maniraptora, Oviraptorosauria, Caudipterygidae, Caudipteryx",zoui
112,Eoraptor,"Dinosauria, Saurischia, Theropoda, Eoraptor",lunensis
209,Gallimimus,"Dinosauria, Saurischia, Theropoda, Neotherapoda, Tetanurae, Avetherapoda, Coelurosauria, Tyrannoraptora, Maniraptoriformes, Ornithomimosauria, Ornithomimidae, Gallimimus",bullatus
593,Cryolophosaurus,"Dinosauria, Saurischia, Theropoda, Neotherapoda, Tetanurae, Avetherapoda, Carnosauria, Cryolophosaurus",elliotti
142,Dromiceiomimus,"Dinosauria, Saurischia, Theropoda, Neotherapoda, Tetanurae, Avetherapoda, Coelurosauria, Tyrannoraptora, Maniraptoriformes, Ornithomimosauria, Ornithomimidae, Dromiceiomimus",brevitertius
844,Compsognathus,"Dinosauria, Saurischia, Theropoda, Neotherapoda, Tetanurae, Avetherapoda, Coelurosauria, Compsognathidae, Compsognathus",longipes
324,Tenontosaurus,"Dinosauria, Ornithischia, Genasauria, Cerapoda, Ornithopoda, Euornithopoda, Iguanadontia, Tenontosaurus",tillettorum
228,Protoceratops,"Dinosauria, Ornithischia, Genasauria, Cerapoda, Marginocephalia, Ceratopsia, Neoceratopsia, Coronosauria, Protoceratops",andrewsi
248,Utahraptor,"Dinosauria, Saurischia, Theropoda, Neotherapoda, Tetanurae, Avetherapoda, Coelurosauria, Tyrannoraptora, Maniraptoriformes, Maniraptora, Paraves, Eumaniraptora, Dromaeosauridae, Utahraptor",ostrommaysorum
293,Pachycephalosaurus,"Dinosauria, Ornithischia, Genasauria, Cerapoda, Marginocephalia, Pachycephalosauria, Goyocephala, Homalocephaloidea, Pachycephalosauridae, Pachycephalosaurus",wyomingensis
705,Albertosaurus,"Dinosauria, Saurischia, Theropoda, Neotherapoda, Tetanurae, Avetherapoda, Coelurosauria, Tyrannoraptora, Tyrannosauroidea, Tyrannosauridae, Albertosaurinae, Albertosaurus",libratus
174,Baryonyx,"Dinosauria, Saurischia, Theropoda, Neotherapoda, Tetanurae, Spinosauroidea, Spinosauridae, Baryonychinae, Baryonyx",walkeri
405,Allosaurus,"Dinosauria, Saurischia, Theropoda, Neotherapoda, Tetanurae, Avetherapoda, Carnosauria, Allosauroidea, Allosauridae, Allosaurus",fragilis
376,Tyrannosaurus,"Dinosauria, Saurischia, Theropoda, Neotherapoda, Tetanurae, Avetherapoda, Coelurosauria, Tyrannoraptora, Tyrannosauroidea, Tyrannosauridae, Tyrannosaurinae, Tyrannosaurus",rex
752,Spinosaurus,"Dinosauria, Saurischia, Theropoda, Neotherapoda, Tetanurae, Spinosauroidea, Spinosauridae, Spinosaurinae, Spinosaurus",aegyptiacus
885,Giganotosaurus,"Dinosauria, Saurischia, Theropoda, Neotherapoda, Tetanurae, Avetherapoda, Carnosauria, Allosauroidea, Carcharodontosauridae, Giganotosaurus",carolinii
513,Camptosaurus,"Dinosauria, Ornithischia, Genasauria, Cerapoda, Ornithopoda, Euornithopoda, Iguanadontia, Euiguanadontia, Dryomorpha, Ankylopollexia, Camptosaurus",dispar
585,Plateosaurus,"Dinosauria, Saurischia, Sauropodomorpha, Prosauropoda, Plateosauria, Plateosauridae, Plateosaurus",engelhardti
302,Maiasaura,"Dinosauria, Ornithischia, Genasauria, Cerapoda, Ornithopoda, Euornithopoda, Iguanadontia, Euiguanadontia, Dryomorpha, Ankylopollexia, Iguanodontoidea, Hadrosauridae, Euhadrosauria, Hadrosaurinae, Maiasaura",peeblesorum
864,Parasaurolophus,"Dinosauria, Ornithischia, Genasauria, Cerapoda, Ornithopoda, Euornithopoda, Iguanadontia, Euiguanadontia, Dryomorpha, Ankylopollexia, Iguanodontoidea, Hadrosauridae, Euhadrosauria, Lambeosaurinae, Parasaurolophus",walkeri
736,Edmontosaurus,"Dinosauria, Ornithischia, Genasauria, Cerapoda, Ornithopoda, Euornithopoda, Iguanadontia, Euiguanadontia, Dryomorpha, Ankylopollexia, Iguanodontoidea, Hadrosauridae, Euhadrosauria, Hadrosaurinae, Edmontosaurus",regalis
816,Chasmosaurus,"Dinosauria, Ornithischia, Genasauria, Cerapoda, Marginocephalia, Ceratopsia, Neoceratopsia, Coronosauria, Ceratopsomorpha, Ceratopsidae, Chasmosaurinae, Chasmosaurus",belli
362,Centrosaurus,"Dinosauria, Ornithischia, Genasauria, Cerapoda, Marginocephalia, Ceratopsia, Neoceratopsia, Coronosauria, Ceratopsomorpha, Ceratopsidae, Centrosaurinae, Centrosaurus",apertus
923,Euoplocephalus,"Dinosauria, Ornithischia, Genasauria, Thyreophora, Ankylosauromorpha, Ankylosauria, Ankylosauridae, Euoplocephalus",tutus
588,Tuojiangosaurus,"Dinosauria, Ornithischia, Genasauria, Thyreophora, Stegosauria, Stegosauridae, Stegosaurinae, Tuojiangosaurus",multispinus
353,Triceratops,"Dinosauria, Ornithischia, Genasauria, Cerapoda, Marginocephalia, Ceratopsia, Neoceratopsia, Coronosauria, Ceratopsomorpha, Ceratopsidae, Chasmosaurinae, Triceratops",horridus
847,Camarasaurus,"Dinosauria, Saurischia, Sauropodomorpha, Sauropoda, Eusauropoda, Neosauropoda, Macronaria, Camarasauromorpha, Camarasauridae, Camarasaurus",supremus
530,Argentinosaurus,"Dinosauria, Saurischia, Sauropodomorpha, Sauropoda, Eusauropoda, Neosauropoda, Macronaria, Camarasauromorpha, Titanosauriformes, Titanosauria, Argentinosaurus",huinculensis
521,Microraptor,"Dinosauria, Saurischia, Theropoda, Neotherapoda, Tetanurae, Avetherapoda, Coelurosauria, Tyrannoraptora, Maniraptoriformes, Maniraptora, Paraves, Eumaniraptora, Dromaeosauridae, Microraptor",zhaoianus
931,Velociraptor,"Dinosauria, Saurischia, Theropoda, Neotherapoda, Tetanurae, Avetherapoda, Coelurosauria, Tyrannoraptora, Maniraptoriformes, Maniraptora, Paraves, Eumaniraptora, Dromaeosauridae, Velociraptor",mongoliensis
910,Oviraptor,"Dinosauria, Saurischia, Theropoda, Neotherapoda, Tetanurae, Avetherapoda, Coelurosauria, Tyrannoraptora, Maniraptoriformes, Maniraptora, Oviraptorosauria, Caenagnathoidea, Oviraptoridae, Oviraptorinae, Oviraptor",philoceratops
851,Struthiomimus,"Dinosauria, Saurischia, Theropoda, Neotherapoda, Tetanurae, Avetherapoda, Coelurosauria, Tyrannoraptora, Maniraptoriformes, Ornithomimosauria, Ornithomimidae, Struthiomimus",altus
675,Dilophosaurus,"Dinosauria, Saurischia, Theropoda, Neotherapoda, Ceratosauria, Coelophysoidea, Dilophosaurus",wetherilli
932,Archaeopteryx,"Dinosauria, Saurischia, Theropoda, Neotherapoda, Tetanurae, Avetherapoda, Coelurosauria, Tyrannoraptora, Maniraptoriformes, Maniraptora, Paraves, Eumaniraptoria, Avialae, Archaeopterygidae, Archaeopteryx",lithographica
418,Iguanodon,"Dinosauria, Ornithischia, Genasauria, Cerapoda, Ornithopoda, Euornithopoda, Iguanadontia, Euiguanadontia, Dryomorpha, Ankylopollexia, Iguanodontoidea, Iguanodon",bernissartensis
604,Ankylosaurus,"Dinosauria, Ornithischia, Genasauria, Thyreophora, Ankylosauromorpha, Ankylosauria, Ankylosauridae, Ankylosaurus",magniventris
981,Diplodocus,"Dinosauria, Saurischia, Sauropodomorpha, Sauropoda, Eusauropoda, Neosauropoda, Diplodocoidea, Diplodocidae, Diplodocus",longus
295,Bugenasaura,"Dinosauria, Ornithischia, Genasauria, Cerapoda, Ornithopoda, Euornithopoda, Bugenasaura",infernalis
956,Dubreuillosaurus,"Dinosauria, Saurischia, Theropoda, Neotherapoda, Tetanurae, Spinosauroidea, Megalosauridae, Eustreptospondylinae, Dubreuillosaurus",valesdunensis
618,Eolambia,"Dinosauria, Ornithischia, Genasauria, Cerapoda, Ornithopoda, Euornithopoda, Iguanadontia, Euiguanadontia, Dryomorpha, Ankylopollexia, Iguanodontoidea, Eolambia",caroljonesa
341,Equijubus,"Dinosauria, Ornithischia, Genasauria, Cerapoda, Ornithopoda, Euornithopoda, Iguanadontia, Euiguanadontia, Dryomorpha, Ankylopollexia, Iguanodontoidea, Equijubus",normani
369,Graciliceratops,"Dinosauria, Ornithischia, Genasauria, Cerapoda, Marginocephalia, Ceratopsia, Neoceratopsia, Graciliceratops",mongoliensis
676,Isisaurus,"Dinosauria, Saurischia, Sauropodomorpha, Sauropoda, Eusauropoda, Neosauropoda, Macronaria, Camarasauromorpha, Titanosauriformes, Titanosauria, Lithostrotia, Isisaurus",colberti
382,Jinzhousaurus,"Dinosauria, Ornithischia, Genasauria, Cerapoda, Ornithopoda, Euornithopoda, Iguanadontia, Euiguanadontia, Dryomorpha, Ankylopollexia, Iguanodontoidea, Jinzhousaurus",yangi
432,Lamaceratops,"Dinosauria, Ornithischia, Genasauria, Cerapoda, Marginocephalia, Ceratopsia, Neoceratopsia, Bagaceratopsidae, Lamaceratops",tereschenkoi
819,Lapparentosaurus,"Dinosauria, Saurischia, Sauropodomorpha, Sauropoda, Eusauropoda, Neosauropoda, Macronaria, Camarasauromorpha, Titanosauriformes, Lapparentosaurus",madagascariensis
167,Liaoceratops,"Dinosauria, Ornithischia, Genasauria, Cerapoda, Marginocephalia, Ceratopsia, Neoceratopsia, Liaoceratops",yanzigouensis
554,Nipponosaurus,"Dinosauria, Ornithischia, Genasauria, Cerapoda, Ornithopoda, Euornithopoda, Iguanadontia, Euiguanadontia, Dryomorpha, Ankylopollexia, Iguanodontoidea, Hadrosauridae, Euhadrosauria, Lambeosaurinae, Nipponosaurus",sachalinensis
848,Platyceratops,"Dinosauria, Ornithischia, Genasauria, Cerapoda, Marginocephalia, Ceratopsia, Neoceratopsia, Bagaceratopsidae, Platyceratops",tatarinovi
987,Pleurocoelus,"Dinosauria, Saurischia, Sauropodomorpha, Sauropoda, Eusauropoda, Neosauropoda, Macronaria, Camarasauromorpha, Titanosauriformes, Pleurocoelus",nanus
663,Saltopus,"Dinosauria, Saltopus, Saltopus",elginensis
394,Shamosaurus,"Dinosauria, Ornithischia, Genasauria, Thyreophora, Ankylosauromorpha, Ankylosauria, Ankylosauridae, Shamosaurus",scutatus
872,Tanius,"Dinosauria, Ornithischia, Genasauria, Cerapoda, Ornithopoda, Euornithopoda, Iguanadontia, Euiguanadontia, Dryomorpha, Ankylopollexia, Iguanodontoidea, Hadrosauridae, Tanius",sinensis
502,Therizinosaurus,"Dinosauria, Saurischia, Theropoda, Neotherapoda, Tetanurae, Avetherapoda, Coelurosauria, Tyrannoraptora, Maniraptoriformes, Maniraptora, Therizinosauroidea, Therizinosauridae, Therizinosaurus",cheloniformis
252,Tsagantegia,"Dinosauria, Ornithischia, Genasauria, Thyreophora, Ankylosauromorpha, Ankylosauria, Ankylosauridae, Tsagantegia",longicranialis
239,Udanoceratops,"Dinosauria, Ornithischia, Genasauria, Cerapoda, Marginocephalia, Ceratopsia, Neoceratopsia, Udanoceratops",tschizhovi
966,Yingshanosaurus,"Dinosauria, Ornithischia, Genasauria, Thyreophora, Stegosauria, Yingshanosaurus",jichuanensis
396,Zuniceratops,"Dinosauria, Ornithischia, Genasauria, Cerapoda, Marginocephalia, Ceratopsia, Neoceratopsia, Coronosauria, Ceratopsomorpha, Zuniceratops",christopheri
220,Bagaceratops,"Dinosauria, Ornithischia, Genasauria, Cerapoda, Marginocephalia, Ceratopsia, Neoceratopsia, Bagaceratopsidae, Bagaceratops",rozhdestvenskyi
477,Bambiraptor,"Dinosauria, Saurischia, Theropoda, Neotherapoda, Tetanurae, Avetherapoda, Coelurosauria, Tyrannoraptora, Maniraptoriformes, Maniraptora, Paraves, Eumaniraptora, Dromaeosauridae, Bambiraptor",feinbergorum
473,Mononykus,"Dinosauria, Saurischia, Theropoda, Neotherapoda, Tetanurae, Avetherapoda, Coelurosauria, Tyrannoraptora, Maniraptoriformes, Maniraptora, Alvarezsauridae, Mononykus",olecranus
505,Nqwebasaurus,"Dinosauria, Saurischia, Theropoda, Neotherapoda, Tetanurae, Avetherapoda, Coelurosauria, Nqwebasaurus",thwazi
748,Procompsognathus,"Dinosauria, Saurischia, Theropoda, Neotherapoda, Ceratosauria, Coelophysoidea, Procompsognathus",triassicus
197,Sinosauropteryx,"Dinosauria, Saurischia, Theropoda, Neotherapoda, Tetanurae, Avetherapoda, Coelurosauria, Compsognathidae, Sinosauropteryx",prima
152,Urbacodon,"Dinosauria, Saurischia, Urbacodon",itemirensis
896,Alvarezsaurus,"Dinosauria, Saurischia, Theropoda, Neotherapoda, Tetanurae, Avetherapoda, Coelurosauria, Tyrannoraptora, Maniraptoriformes, Maniraptora, Alvarezsauridae, Alvarezsaurus",calvoi
518,Anchisaurus,"Dinosauria, Saurischia, Sauropodomorpha, Prosauropoda, Anchisauria, Anchisauridae, Anchisaurus",polyzelous
103,Beipiaosaurus,"Dinosauria, Saurischia, Theropoda, Neotherapoda, Tetanurae, Avetherapoda, Coelurosauria, Tyrannoraptora, Maniraptoriformes, Maniraptora, Therizinosauroidea, Beipiaosaurus",inexpectus
328,Brachyceratops,"Dinosauria, Ornithischia, Genasauria, Cerapoda, Marginocephalia, Ceratopsia, Neoceratopsia, Coronosauria, Ceratopsomorpha, Ceratopsidae, Centrosaurinae, Brachyceratops",montanensis
262,Emausaurus,"Dinosauria, Ornithischia, Genasauria, Thyreophora, Emausaurus",ernsti
894,Goyocephale,"Dinosauria, Ornithischia, Genasauria, Cerapoda, Marginocephalia, Pachycephalosauria, Goyocephala, Goyocephale",lattimorei
814,Harpymimus,"Dinosauria, Saurischia, Theropoda, Neotherapoda, Tetanurae, Avetherapoda, Coelurosauria, Tyrannoraptora, Maniraptoriformes, Ornithomimosauria, Harpymimus",okladnikovi
346,Ingenia,"Dinosauria, Saurischia, Theropoda, Neotherapoda, Tetanurae, Avetherapoda, Coelurosauria, Tyrannoraptora, Maniraptoriformes, Maniraptora, Oviraptorosauria, Caenagnathoidea, Oviraptoridae, Ingeniinae, Ingenia",yanshini
957,Masiakasaurus,"Dinosauria, Saurischia, Theropoda, Neotherapoda, Ceratosauria, Neoceratosauria, Abelisauroidea, Abelisauria, Masiakasaurus",knopfleri
849,Ornitholestes,"Dinosauria, Saurischia, Theropoda, Neotherapoda, Tetanurae, Avetherapoda, Coelurosauria, Ornitholestes",hermanni
581,Protarchaeopteryx,"Dinosauria, Saurischia, Theropoda, Neotherapoda, Tetanurae, Avetherapoda, Coelurosauria, Tyrannoraptora, Maniraptoriformes, Maniraptora, Paraves, Eumaniraptora, Protarchaeopteryx",robusta
573,Sinornithosaurus,"Dinosauria, Saurischia, Theropoda, Neotherapoda, Tetanurae, Avetherapoda, Coelurosauria, Tyrannoraptora, Maniraptoriformes, Maniraptora, Paraves, Eumaniraptora, Dromaeosauridae, Sinornithosaurus",millenii
795,Staurikosaurus,"Dinosauria, Saurischia, Theropoda, Herrerasauridae, Staurikosaurus",pricei
399,Atlascopcosaurus,"Dinosauria, Ornithischia, Genasauria, Cerapoda, Ornithopoda, Euornithopoda, Atlascopcosaurus",loadsi
897,Dravidosaurus,"Dinosauria, Ornithischia, Genasauria, Thyreophora, Stegosauria, Stegosauridae, Dravidosaurus",blanfordi
457,Guanlong,"Dinosauria, Saurischia, Theropoda, Neotherapoda, Tetanurae, Avetherapoda, Coelurosauria, Tyrannoraptora, Tyrannosauroidea, Guanlong",wucaii
183,Hagryphus,"Dinosauria, Saurischia, Theropoda, Neotherapoda, Tetanurae, Avetherapoda, Coelurosauria, Tyrannoraptora, Maniraptoriformes, Maniraptora, Oviraptorosauria, Hagryphus",giganteus
217,Herrerasaurus,"Dinosauria, Saurischia, Theropoda, Herrerasauridae, Herrerasaurus",ischigualastensis
280,Leptoceratops,"Dinosauria, Ornithischia, Genasauria, Cerapoda, Marginocephalia, Ceratopsia, Neoceratopsia, Coronosauria, Leptoceratops",gracilis
157,Minmi,"Dinosauria, Ornithischia, Genasauria, Thyreophora, Ankylosauromorpha, Ankylosauria, Minmi",paravertebra
536,Pantydraco,"Dinosauria, Saurischia, Pantydraco",caducus
934,Parksosaurus,"Dinosauria, Ornithischia, Genasauria, Cerapoda, Ornithopoda, Euornithopoda, Parksosaurus",warrenae
843,Sarcosaurus,"Dinosauria, Saurischia, Theropoda, Neotherapoda, Ceratosauria, Sarcosaurus",woodi
837,Saurornithoides,"Dinosauria, Saurischia, Theropoda, Neotherapoda, Tetanurae, Avetherapoda, Coelurosauria, Tyrannoraptora, Maniraptoriformes, Maniraptora, Paraves, Eumaniraptoria, Troodontidae, Saurornithoides",mongoliensis
700,Secernosaurus,"Dinosauria, Ornithischia, Genasauria, Cerapoda, Ornithopoda, Euornithopoda, Iguanadontia, Euiguanadontia, Dryomorpha, Ankylopollexia, Iguanodontoidea, Hadrosauridae, Secernosaurus",koerneri
929,Stygimoloch,"Dinosauria, Ornithischia, Genasauria, Cerapoda, Marginocephalia, Pachycephalosauria, Goyocephala, Homalocephaloidea, Pachycephalosauridae, Stygimoloch",spinifer
462,Valdosaurus,"Dinosauria, Ornithischia, Genasauria, Cerapoda, Ornithopoda, Euornithopoda, Iguanadontia, Euiguanadontia, Dryomorpha, Dryosauridae, Valdosaurus",canaliculatus
678,Yandusaurus,"Dinosauria, Ornithischia, Genasauria, Cerapoda, Ornithopoda, Euornithopoda, Yandusaurus",hongheensis
531,Zalmoxes,"Dinosauria, Ornithischia, Genasauria, Cerapoda, Ornithopoda, Euornithopoda, Iguanadontia, Rhabdodontidae, Zalmoxes",robustus
187,Antarctopelta,"Dinosauria, Ornithischia, Genasauria, Thyreophora, Ankylosauromorpha, Ankylosauria, Antarctopelta",oliveroi
839,Chialingosaurus,"Dinosauria, Ornithischia, Genasauria, Thyreophora, Stegosauria, Stegosauridae, Stegosaurinae, Chialingosaurus",kuani
901,Chindesaurus,"Dinosauria, Saurischia, Theropoda, Herrerasauridae, Chindesaurus",bryansmalli
629,Chungkingosaurus,"Dinosauria, Ornithischia, Genasauria, Thyreophora, Stegosauria, Stegosauridae, Stegosaurinae, Chungkingosaurus",jiangbeiensis
208,Dryosaurus,"Dinosauria, Ornithischia, Genasauria, Cerapoda, Ornithopoda, Euornithopoda, Iguanadontia, Euiguanadontia, Dryomorpha, Dryosauridae, Dryosaurus",altus
345,Edmontonia,"Dinosauria, Ornithischia, Genasauria, Thyreophora, Ankylosauromorpha, Ankylosauria, Nodosauridae, Edmontonia",longiceps
552,Gargoyleosaurus,"Dinosauria, Ornithischia, Genasauria, Thyreophora, Ankylosauromorpha, Ankylosauria, Gargoyleosaurus",parkpinorum
245,Gasosaurus,"Dinosauria, Saurischia, Theropoda, Neotherapoda, Tetanurae, Avetherapoda, Gasosaurus",constructus
596,Ornithomimus,"Dinosauria, Saurischia, Theropoda, Neotherapoda, Tetanurae, Avetherapoda, Coelurosauria, Tyrannoraptora, Maniraptoriformes, Ornithomimosauria, Ornithomimidae, Ornithomimus",velox
356,Rhabdodon,"Dinosauria, Ornithischia, Genasauria, Cerapoda, Ornithopoda, Euornithopoda, Iguanadontia, Rhabdodontidae, Rhabdodon",priscus
568,Scelidosaurus,"Dinosauria, Ornithischia, Genasauria, Thyreophora, Scelidosauridae, Scelidosaurus",harrisonii
868,Segnosaurus,"Dinosauria, Saurischia, Theropoda, Neotherapoda, Tetanurae, Avetherapoda, Coelurosauria, Tyrannoraptora, Maniraptoriformes, Maniraptora, Therizinosauroidea, Therizinosauridae, Segnosaurus",galbinensis
697,Silvisaurus,"Dinosauria, Ornithischia, Genasauria, Thyreophora, Ankylosauromorpha, Ankylosauria, Nodosauridae, Silvisaurus",condrayi
177,Achillobator,"Dinosauria, Saurischia, Theropoda, Neotherapoda, Tetanurae, Avetherapoda, Coelurosauria, Tyrannoraptora, Maniraptoriformes, Maniraptora, Paraves, Eumaniraptora, Dromaeosauridae, Achillobator",giganteus
469,Alectrosaurus,"Dinosauria, Saurischia, Theropoda, Neotherapoda, Tetanurae, Avetherapoda, Coelurosauria, Tyrannoraptora, Tyrannosauroidea, Alectrosaurus",olseni
840,Ammosaurus,"Dinosauria, Saurischia, Sauropodomorpha, Prosauropoda, Anchisauria, Anchisauridae, Ammosaurus",major
523,Aucasaurus,"Dinosauria, Saurischia, Theropoda, Neotherapoda, Ceratosauria, Neoceratosauria, Abelisauroidea, Abelisauria, Aucasaurus",garridoi
240,Bellusaurus,"Dinosauria, Saurischia, Sauropodomorpha, Sauropoda, Eusauropoda, Neosauropoda, Macronaria, Bellusaurus",sui
276,Eotyrannus,"Dinosauria, Saurischia, Theropoda, Neotherapoda, Tetanurae, Avetherapoda, Coelurosauria, Tyrannoraptora, Tyrannosauroidea, Eotyrannus",lengi
856,Hylaeosaurus,"Dinosauria, Ornithischia, Genasauria, Thyreophora, Ankylosauromorpha, Ankylosauria, Hylaeosaurus",armatus
685,Jingshanosaurus,"Dinosauria, Saurischia, Sauropodomorpha, Prosauropoda, Plateosauria, Jingshanosaurus",xinwaensis
308,Kentrosaurus,"Dinosauria, Ornithischia, Genasauria, Thyreophora, Stegosauria, Stegosauridae, Stegosaurinae, Kentrosaurus",aethiopicus
393,Liliensternus,"Dinosauria, Saurischia, Theropoda, Neotherapoda, Ceratosauria, Coelophysoidea, Liliensternus",liliensterni
835,Nanotyrannus,"Dinosauria, Saurischia, Theropoda, Neotherapoda, Tetanurae, Avetherapoda, Coelurosauria, Tyrannoraptora, Tyrannosauroidea, Tyrannosauridae, Tyrannosaurinae, Nanotyrannus",lancenis
990,Nodosaurus,"Dinosauria, Ornithischia, Genasauria, Thyreophora, Ankylosauromorpha, Ankylosauria, Nodosauridae, Nodosaurus",textilis
628,Pinacosaurus,"Dinosauria, Ornithischia, Genasauria, Thyreophora, Ankylosauromorpha, Ankylosauria, Ankylosauridae, Pinacosaurus",grangeri
223,Polacanthus,"Dinosauria, Ornithischia, Genasauria, Thyreophora, Ankylosauromorpha, Ankylosauria, Polacanthus",foxii
200,Telmatosaurus,"Dinosauria, Ornithischia, Genasauria, Cerapoda, Ornithopoda, Euornithopoda, Iguanadontia, Euiguanadontia, Dryomorpha, Ankylopollexia, Iguanodontoidea, Hadrosauridae, Telmatosaurus",transsylvanicus
129,Achelousaurus,"Dinosauria, Ornithischia, Genasauria, Cerapoda, Marginocephalia, Ceratopsia, Neoceratopsia, Coronosauria, Ceratopsomorpha, Ceratopsidae, Centrosaurinae, Achelousaurus",horneri
455,Alioramus,"Dinosauria, Saurischia, Theropoda, Neotherapoda, Tetanurae, Avetherapoda, Coelurosauria, Tyrannoraptora, Tyrannosauroidea, Alioramus",remotus
414,Anchiceratops,"Dinosauria, Ornithischia, Genasauria, Cerapoda, Marginocephalia, Ceratopsia, Neoceratopsia, Coronosauria, Ceratopsomorpha, Ceratopsidae, Chasmosaurinae, Anchiceratops",ornatus
491,Bactrosaurus,"Dinosauria, Ornithischia, Genasauria, Cerapoda, Ornithopoda, Euornithopoda, Iguanadontia, Euiguanadontia, Dryomorpha, Ankylopollexia, Iguanodontoidea, Hadrosauridae, Bactrosaurus",johnsoni
656,Ceratosaurus,"Dinosauria, Saurischia, Theropoda, Neotherapoda, Ceratosauria, Neoceratosauria, Ceratosaurus",nasicornis
660,Dacentrurus,"Dinosauria, Ornithischia, Genasauria, Thyreophora, Stegosauria, Stegosauridae, Dacentrurus",armatus
943,Einiosaurus,"Dinosauria, Ornithischia, Genasauria, Cerapoda, Marginocephalia, Ceratopsia, Neoceratopsia, Coronosauria, Ceratopsomorpha, Ceratopsidae, Centrosaurinae, Einiosaurus",procurvicornis
572,Gilmoreosaurus,"Dinosauria, Ornithischia, Genasauria, Cerapoda, Ornithopoda, Euornithopoda, Iguanadontia, Euiguanadontia, Dryomorpha, Ankylopollexia, Iguanodontoidea, Hadrosauridae, Gilmoreosaurus",mongoliensis
484,Hesperosaurus,"Dinosauria, Ornithischia, Genasauria, Thyreophora, Stegosauria, Stegosauridae, Stegosaurinae, Hesperosaurus",mjosi
731,Lufengosaurus,"Dinosauria, Saurischia, Sauropodomorpha, Prosauropoda, Plateosauria, Plateosauridae, Lufengosaurus",huenei
859,Majungatholus,"Dinosauria, Saurischia, Theropoda, Neotherapoda, Ceratosauria, Neoceratosauria, Abelisauridae, Majungatholus",atopus
973,Marshosaurus,"Dinosauria, Saurischia, Theropoda, Neotherapoda, Tetanurae, Avetherapoda, Marshosaurus",bicentesimus
713,Pachyrhinosaurus,"Dinosauria, Ornithischia, Genasauria, Cerapoda, Marginocephalia, Ceratopsia, Neoceratopsia, Coronosauria, Ceratopsomorpha, Ceratopsidae, Centrosaurinae, Pachyrhinosaurus",canadensis
137,Probactrosaurus,"Dinosauria, Ornithischia, Genasauria, Cerapoda, Ornithopoda, Euornithopoda, Iguanadontia, Euiguanadontia, Dryomorpha, Ankylopollexia, Iguanodontoidea, Probactrosaurus",gobiensis
789,Protohadros,"Dinosauria, Ornithischia, Genasauria, Cerapoda, Ornithopoda, Euornithopoda, Iguanadontia, Euiguanadontia, Dryomorpha, Ankylopollexia, Iguanodontoidea, Protohadros",byrdi
176,Talarurus,"Dinosauria, Ornithischia, Genasauria, Thyreophora, Ankylosauromorpha, Ankylosauria, Ankylosauridae, Talarurus",plicatospineus
636,Albertaceratops,"Dinosauria, Ornithischia, Albertaceratops",nesmoi
277,Brachylophosaurus,"Dinosauria, Ornithischia, Genasauria, Cerapoda, Ornithopoda, Euornithopoda, Iguanadontia, Euiguanadontia, Dryomorpha, Ankylopollexia, Iguanodontoidea, Hadrosauridae, Euhadrosauria, Hadrosaurinae, Brachylophosaurus",canadensis
822,Diceratops,"Dinosauria, Ornithischia, Genasauria, Cerapoda, Marginocephalia, Ceratopsia, Neoceratopsia, Coronosauria, Ceratopsomorpha, Ceratopsidae, Chasmosaurinae, Diceratops",hatcheri
743,Eustreptospondylus,"Dinosauria, Saurischia, Theropoda, Neotherapoda, Tetanurae, Spinosauroidea, Megalosauridae, Eustreptospondylinae, Eustreptospondylus",oxoniensis
914,Indosuchus,"Dinosauria, Saurischia, Theropoda, Neotherapoda, Ceratosauria, Neoceratosauria, Indosuchus",raptorius
509,Muttaburrasaurus,"Dinosauria, Ornithischia, Genasauria, Cerapoda, Ornithopoda, Euornithopoda, Iguanadontia, Euiguanadontia, Dryomorpha, Ankylopollexia, Iguanodontoidea, Muttaburrasaurus",langdoni
141,Ouranosaurus,"Dinosauria, Ornithischia, Genasauria, Cerapoda, Ornithopoda, Euornithopoda, Iguanadontia, Euiguanadontia, Dryomorpha, Ankylopollexia, Iguanodontoidea, Ouranosaurus",nigeriensis
136,Panoplosaurus,"Dinosauria, Ornithischia, Genasauria, Thyreophora, Ankylosauromorpha, Ankylosauria, Nodosauridae, Panoplosaurus",mirus
594,Rugops,"Dinosauria, Saurischia, Theropoda, Neotherapoda, Ceratosauria, Neoceratosauria, Abelisauridae, Rugops",primus
778,Yunnanosaurus,"Dinosauria, Saurischia, Sauropodomorpha, Prosauropoda, Plateosauria, Yunnanosaurus",huangi
845,Aralosaurus,"Dinosauria, Ornithischia, Genasauria, Cerapoda, Ornithopoda, Euornithopoda, Iguanadontia, Euiguanadontia, Dryomorpha, Ankylopollexia, Iguanodontoidea, Hadrosauridae, Euhadrosauria, Hadrosaurinae, Aralosaurus",tuberiferus
612,Kritosaurus,"Dinosauria, Ornithischia, Genasauria, Cerapoda, Ornithopoda, Euornithopoda, Iguanadontia, Euiguanadontia, Dryomorpha, Ankylopollexia, Iguanodontoidea, Hadrosauridae, Euhadrosauria, Hadrosaurinae, Kritosaurus",navajovius
227,Abelisaurus,"Dinosauria, Saurischia, Theropoda, Neotherapoda, Ceratosauria, Neoceratosauria, Abelisauridae, Abelisaurinae, Abelisaurus",comahuensis
406,Afrovenator,"Dinosauria, Saurischia, Theropoda, Neotherapoda, Tetanurae, Spinosauroidea, Megalosauridae, Eustreptospondylinae, Afrovenator",abakensis
266,Anatotitan,"Dinosauria, Ornithischia, Genasauria, Cerapoda, Ornithopoda, Euornithopoda, Iguanadontia, Euiguanadontia, Dryomorpha, Ankylopollexia, Iguanodontoidea, Hadrosauridae, Euhadrosauria, Hadrosaurinae, Anatotitan",copei
506,Avalonia,"Dinosauria, Saurischia, Sauropodomorpha, Prosauropoda, Anchisauria, Melanorosauridae, Avalonia",sanfordi
825,Daspletosaurus,"Dinosauria, Saurischia, Theropoda, Neotherapoda, Tetanurae, Avetherapoda, Coelurosauria, Tyrannoraptora, Tyrannosauroidea, Tyrannosauridae, Tyrannosaurinae, Daspletosaurus",torosus
547,Hadrosaurus,"Dinosauria, Ornithischia, Genasauria, Cerapoda, Ornithopoda, Euornithopoda, Iguanadontia, Euiguanadontia, Dryomorpha, Ankylopollexia, Iguanodontoidea, Hadrosauridae, Euhadrosauria, Hadrosaurinae, Hadrosaurus",foulkii
673,Hypacrosaurus,"Dinosauria, Ornithischia, Genasauria, Cerapoda, Ornithopoda, Euornithopoda, Iguanadontia, Euiguanadontia, Dryomorpha, Ankylopollexia, Iguanodontoidea, Hadrosauridae, Euhadrosauria, Lambeosaurinae, Hypacrosaurus",altispinus
626,Jaxartosaurus,"Dinosauria, Ornithischia, Genasauria, Cerapoda, Ornithopoda, Euornithopoda, Iguanadontia, Euiguanadontia, Dryomorpha, Ankylopollexia, Iguanodontoidea, Hadrosauridae, Euhadrosauria, Lambeosaurinae, Jaxartosaurus",aralensis
776,Kotasaurus,"Dinosauria, Saurischia, Sauropodomorpha, Sauropoda, Kotasaurus",yamanpalliensis
371,Lambeosaurus,"Dinosauria, Ornithischia, Genasauria, Cerapoda, Ornithopoda, Euornithopoda, Iguanadontia, Euiguanadontia, Dryomorpha, Ankylopollexia, Iguanodontoidea, Hadrosauridae, Euhadrosauria, Lambeosaurinae, Lambeosaurus",lambei
569,Lurdusaurus,"Dinosauria, Ornithischia, Genasauria, Cerapoda, Ornithopoda, Euornithopoda, Iguanadontia, Euiguanadontia, Dryomorpha, Ankylopollexia, Iguanodontoidea, Lurdusaurus",arenatus
793,Malawisaurus,"Dinosauria, Saurischia, Sauropodomorpha, Sauropoda, Eusauropoda, Neosauropoda, Macronaria, Camarasauromorpha, Titanosauriformes, Titanosauria, Lithostrotia, Malawisaurus",dixeyi
982,Megalosaurus,"Dinosauria, Saurischia, Theropoda, Neotherapoda, Tetanurae, Spinosauroidea, Megalosauridae, Megalosaurinae, Megalosaurus",bucklandii
478,Poekilopleuron,"Dinosauria, Saurischia, Theropoda, Neotherapoda, Tetanurae, Spinosauroidea, Megalosauridae, Megalosaurinae, Poekilopleuron",bucklandii
565,Saurolophus,"Dinosauria, Ornithischia, Genasauria, Cerapoda, Ornithopoda, Euornithopoda, Iguanadontia, Euiguanadontia, Dryomorpha, Ankylopollexia, Iguanodontoidea, Hadrosauridae, Euhadrosauria, Hadrosaurinae, Saurolophus",osborni
156,Sonidosaurus,"Dinosauria, Saurischia, Sauropodomorpha, Sauropoda, Eusauropoda, Neosauropoda, Macronaria, Camarasauromorpha, Titanosauriformes, Titanosauria, Sonidosaurus",saihangaobiensis
631,Stegosaurus,"Dinosauria, Ornithischia, Genasauria, Thyreophora, Stegosauria, Stegosauridae, Stegosaurinae, Stegosaurus",armatus
338,Yimenosaurus,"Dinosauria, Saurischia, Sauropodomorpha, Prosauropoda, Yimenosaurus",youngi
791,Brachytrachelopan,"Dinosauria, Saurischia, Sauropodomorpha, Sauropoda, Eusauropoda, Neosauropoda, Diplodocoidea, Dicraeosauridae, Brachytrachelopan",mesai
271,Cedarpelta,"Dinosauria, Ornithischia, Genasauria, Thyreophora, Ankylosauromorpha, Ankylosauria, Ankylosauridae, Cedarpelta",bilbeyhallorum
937,Corythosaurus,"Dinosauria, Ornithischia, Genasauria, Cerapoda, Ornithopoda, Euornithopoda, Iguanadontia, Euiguanadontia, Dryomorpha, Ankylopollexia, Iguanodontoidea, Hadrosauridae, Euhadrosauria, Lambeosaurinae, Corythosaurus",casuarius
392,Gryposaurus,"Dinosauria, Ornithischia, Genasauria, Cerapoda, Ornithopoda, Euornithopoda, Iguanadontia, Euiguanadontia, Dryomorpha, Ankylopollexia, Iguanodontoidea, Hadrosauridae, Euhadrosauria, Hadrosaurinae, Gryposaurus",notabilis
738,Shunosaurus,"Dinosauria, Saurischia, Sauropodomorpha, Sauropoda, Eusauropoda, Shunosaurus",lii
508,Tarbosaurus,"Dinosauria, Saurischia, Theropoda, Neotherapoda, Tetanurae, Avetherapoda, Coelurosauria, Tyrannoraptora, Tyrannosauroidea, Tyrannosauridae, Tyrannosaurinae, Tarbosaurus",bataar
818,Torvosaurus,"Dinosauria, Saurischia, Theropoda, Neotherapoda, Tetanurae, Spinosauroidea, Megalosauridae, Megalosaurinae, Torvosaurus",tanneri
268,Yangchuanosaurus,"Dinosauria, Saurischia, Theropoda, Neotherapoda, Tetanurae, Avetherapoda, Carnosauria, Allosauroidea, Sinraptoridae, Yangchuanosaurus",shangyouensis
647,Suchomimus,"Dinosauria, Saurischia, Theropoda, Neotherapoda, Tetanurae, Spinosauroidea, Spinosauridae, Baryonychinae, Suchomimus",tenerensis
775,Acrocanthosaurus,"Dinosauria, Saurischia, Theropoda, Neotherapoda, Tetanurae, Avetherapoda, Carnosauria, Allosauroidea, Carcharodontosauridae, Acrocanthosaurus",atokensis
747,Amargasaurus,"Dinosauria, Saurischia, Sauropodomorpha, Sauropoda, Eusauropoda, Neosauropoda, Diplodocoidea, Dicraeosauridae, Amargasaurus",cazaui
213,Hypselosaurus,"Dinosauria, Saurischia, Sauropodomorpha, Sauropoda, Eusauropoda, Neosauropoda, Macronaria, Camarasauromorpha, Titanosauriformes, Titanosauria, Hypselosaurus",priscus
321,Melanorosaurus,"Dinosauria, Saurischia, Sauropodomorpha, Prosauropoda, Anchisauria, Melanorosauridae, Melanorosaurus",readi
468,Opisthocoelicaudia,"Dinosauria, Saurischia, Sauropodomorpha, Sauropoda, Eusauropoda, Neosauropoda, Macronaria, Camarasauromorpha, Titanosauriformes, Titanosauria, Lithostrotia, Saltasauridae, Opisthocoelicaudia",skarzynskii
253,Saltasaurus,"Dinosauria, Saurischia, Sauropodomorpha, Sauropoda, Eusauropoda, Neosauropoda, Macronaria, Camarasauromorpha, Titanosauriformes, Titanosauria, Lithostrotia, Saltasauridae, Saltasaurus",loricatus
290,Saurophaganax,"Dinosauria, Saurischia, Theropoda, Neotherapoda, Tetanurae, Avetherapoda, Carnosauria, Allosauroidea, Allosauridae, Saurophaganax",maximus
358,Maxakalisaurus,"Dinosauria, Saurischia, Sauropodomorpha, Sauropoda, Eusauropoda, Neosauropoda, Macronaria, Camarasauromorpha, Titanosauriformes, Titanosauria, Lithostrotia, Saltasauridae, Saltasaurinae, Maxakalisaurus",topai
879,Nemegtosaurus,"Dinosauria, Saurischia, Sauropodomorpha, Sauropoda, Eusauropoda, Neosauropoda, Diplodocoidea, Nemegtosauridae, Nemegtosaurus",mongoliensis
768,Barapasaurus,"Dinosauria, Saurischia, Sauropodomorpha, Sauropoda, Eusauropoda, Cetiosauridae, Barapasaurus",tagorei
360,Aegyptosaurus,"Dinosauria, Saurischia, Sauropodomorpha, Sauropoda, Eusauropoda, Neosauropoda, Macronaria, Camarasauromorpha, Titanosauriformes, Titanosauria, Aegyptosaurus",baharijensis
165,Ampelosaurus,"Dinosauria, Saurischia, Sauropodomorpha, Sauropoda, Eusauropoda, Neosauropoda, Macronaria, Camarasauromorpha, Titanosauriformes, Titanosauria, Lithostrotia, Ampelosaurus",atacis
361,Amygdalodon,"Dinosauria, Saurischia, Sauropodomorpha, Sauropoda, Eusauropoda, Amygdalodon",patagonicus
379,Cetiosauriscus,"Dinosauria, Saurischia, Sauropodomorpha, Sauropoda, Eusauropoda, Neosauropoda, Diplodocoidea, Cetiosauriscus",stewarti
635,Datousaurus,"Dinosauria, Saurischia, Sauropodomorpha, Sauropoda, Datousaurus",bashanensis
279,Nigersaurus,"Dinosauria, Saurischia, Sauropodomorpha, Sauropoda, Eusauropoda, Neosauropoda, Diplodocoidea, Rebbachisauridae, Nigersaurus",taqueti
860,Shantungosaurus,"Dinosauria, Ornithischia, Genasauria, Cerapoda, Ornithopoda, Euornithopoda, Iguanadontia, Euiguanadontia, Dryomorpha, Ankylopollexia, Iguanodontoidea, Hadrosauridae, Euhadrosauria, Hadrosaurinae, Shantungosaurus",giganteus
350,Yuanmousaurus,"Dinosauria, Saurischia, Sauropodomorpha, Sauropoda, Eusauropoda, Yuanmousaurus",jiangyiensis
867,Antarctosaurus,"Dinosauria, Saurischia, Sauropodomorpha, Sauropoda, Eusauropoda, Neosauropoda, Macronaria, Camarasauromorpha, Titanosauriformes, Titanosauria, Lithostrotia, Antarctosaurus",wichmannianus
134,Aragosaurus,"Dinosauria, Saurischia, Sauropodomorpha, Sauropoda, Eusauropoda, Aragosaurus",ischiadicus
450,Cetiosaurus,"Dinosauria, Saurischia, Sauropodomorpha, Sauropoda, Eusauropoda, Cetiosauridae, Cetiosaurus",oxoniensis
857,Patagosaurus,"Dinosauria, Saurischia, Sauropodomorpha, Sauropoda, Eusauropoda, Cetiosauridae, Patagosaurus",fariasi
684,Dicraeosaurus,"Dinosauria, Saurischia, Sauropodomorpha, Sauropoda, Eusauropoda, Neosauropoda, Diplodocoidea, Dicraeosauridae, Dicraeosaurus",hansemanni
754,Janenschia,"Dinosauria, Saurischia, Sauropodomorpha, Sauropoda, Eusauropoda, Neosauropoda, Macronaria, Camarasauromorpha, Titanosauriformes, Titanosauria, Janenschia",robusta
760,Omeisaurus,"Dinosauria, Saurischia, Sauropodomorpha, Sauropoda, Eusauropoda, Omeisaurus",junghsiensis
270,Rebbachisaurus,"Dinosauria, Saurischia, Sauropodomorpha, Sauropoda, Eusauropoda, Neosauropoda, Diplodocoidea, Rebbachisauridae, Rebbachisaurus",garasbae
553,Alamosaurus,"Dinosauria, Saurischia, Sauropodomorpha, Sauropoda, Eusauropoda, Neosauropoda, Macronaria, Camarasauromorpha, Titanosauriformes, Titanosauria, Lithostrotia, Alamosaurus",sanjuanensis
985,Apatosaurus,"Dinosauria, Saurischia, Sauropodomorpha, Sauropoda, Eusauropoda, Neosauropoda, Diplodocoidea, Diplodocidae, Apatosaurus",ajax
823,Jobaria,"Dinosauria, Saurischia, Sauropodomorpha, Sauropoda, Eusauropoda, Neosauropoda, Macronaria, Jobaria",tiguidensis
126,Mamenchisaurus,"Dinosauria, Saurischia, Sauropodomorpha, Sauropoda, Eusauropoda, Mamenchisaurus",constructus
907,Chubutisaurus,"Dinosauria, Saurischia, Sauropodomorpha, Sauropoda, Eusauropoda, Neosauropoda, Macronaria, Camarasauromorpha, Titanosauriformes, Titanosauria, Chubutisaurus",insignis
781,Giraffatitan,"Dinosauria, Saurischia, Sauropodomorpha, Sauropoda, Eusauropoda, Neosauropoda, Macronaria, Camarasauromorpha, Titanosauriformes, Brachiosauridae, Giraffatitan",brancai
153,Barosaurus,"Dinosauria, Saurischia, Sauropodomorpha, Sauropoda, Eusauropoda, Neosauropoda, Diplodocoidea, Diplodocidae, Barosaurus",lentus
311,Brachiosaurus,"Dinosauria, Saurischia, Sauropodomorpha, Sauropoda, Eusauropoda, Neosauropoda, Macronaria, Camarasauromorpha, Titanosauriformes, Brachiosauridae, Brachiosaurus",altithorax
570,Micropachycephalosaurus,"Dinosauria, Ornithischia, Genasauria, Cerapoda, Marginocephalia, Pachycephalosauria, Micropachycephalosaurus",hongtuyanensis
503,Shuvuuia,"Dinosauria, Saurischia, Theropoda, Neotherapoda, Tetanurae, Avetherapoda, Coelurosauria, Tyrannoraptora, Maniraptoriformes, Maniraptora, Alvarezsauridae, Shuvuuia",deserti
616,Juravenator,"Dinosauria, Saurischia, Theropoda, Neotherapoda, Tetanurae, Avetherapoda, Coelurosauria, Compsognathidae, Juravenator",starki
175,Pisanosaurus,"Dinosauria, Ornithischia, Pisanosaurus",merti
289,Podokesaurus,"Dinosauria, Saurischia, Theropoda, Neotherapoda, Ceratosauria, Coelophysoidea, Podokesaurus",holyokensis
272,Chaoyangsaurus,"Dinosauria, Ornithischia, Genasauria, Cerapoda, Marginocephalia, Ceratopsia, Neoceratopsia, Chaoyangsaurus",youngi
548,Heterodontosaurus,"Dinosauria, Ornithischia, Genasauria, Cerapoda, Heterodontosauridae, Heterodontosaurus",tucki
194,Lycorhinus,"Dinosauria, Ornithischia, Genasauria, Cerapoda, Heterodontosauridae, Lycorhinus",angustidens
234,Scutellosaurus,"Dinosauria, Ornithischia, Genasauria, Thyreophora, Scutellosaurus",lawleri
559,Archaeoceratops,"Dinosauria, Ornithischia, Genasauria, Cerapoda, Marginocephalia, Ceratopsia, Neoceratopsia, Archaeoceratops",oshimai
391,Buitreraptor,"Dinosauria, Saurischia, Theropoda, Neotherapoda, Tetanurae, Avetherapoda, Coelurosauria, Tyrannoraptora, Maniraptoriformes, Maniraptora, Paraves, Eumaniraptora, Dromaeosauridae, Unenlagiinae, Buitreraptor",gonzalezorum
794,Othnielia,"Dinosauria, Ornithischia, Genasauria, Cerapoda, Ornithopoda, Euornithopoda, Othnielia",rex
718,Tylocephale,"Dinosauria, Ornithischia, Genasauria, Cerapoda, Marginocephalia, Pachycephalosauria, Goyocephala, Homalocephaloidea, Pachycephalosauridae, Tylocephale",gilmorei
275,Agilisaurus,"Dinosauria, Ornithischia, Genasauria, Cerapoda, Ornithopoda, Euornithopoda, Agilisaurus",louderbacki
958,Avimimus,"Dinosauria, Saurischia, Theropoda, Neotherapoda, Tetanurae, Avetherapoda, Coelurosauria, Tyrannoraptora, Maniraptoriformes, Maniraptora, Oviraptorosauria, Avimimidae, Avimimus",portentosus
482,Conchoraptor,"Dinosauria, Saurischia, Theropoda, Neotherapoda, Tetanurae, Avetherapoda, Coelurosauria, Tyrannoraptora, Maniraptoriformes, Maniraptora, Oviraptorosauria, Caenagnathoidea, Oviraptoridae, Ingeniinae, Conchoraptor",gracilis
445,Homalocephale,"Dinosauria, Ornithischia, Genasauria, Cerapoda, Marginocephalia, Pachycephalosauria, Goyocephala, Homalocephaloidea, Homalocephale",calathocercos
247,Segisaurus,"Dinosauria, Saurischia, Theropoda, Neotherapoda, Ceratosauria, Coelophysoidea, Coelophysidae, Segisaurus",halli
318,Nomingia,"Dinosauria, Saurischia, Theropoda, Neotherapoda, Tetanurae, Avetherapoda, Coelurosauria, Tyrannoraptora, Maniraptoriformes, Maniraptora, Oviraptorosauria, Caenagnathoidea, Caenagnathidae, Nomingia",gobiensis
113,Coelurus,"Dinosauria, Saurischia, Theropoda, Neotherapoda, Tetanurae, Avetherapoda, Coelurosauria, Coelurus",fragilis
232,Khaan,"Dinosauria, Saurischia, Theropoda, Neotherapoda, Tetanurae, Avetherapoda, Coelurosauria, Tyrannoraptora, Maniraptoriformes, Maniraptora, Oviraptorosauria, Caenagnathoidea, Oviraptoridae, Ingeniinae, Khaan",mckennai
416,Zephyrosaurus,"Dinosauria, Ornithischia, Genasauria, Cerapoda, Ornithopoda, Euornithopoda, Zephyrosaurus",schaffi
939,Citipati,"Dinosauria, Saurischia, Theropoda, Neotherapoda, Tetanurae, Avetherapoda, Coelurosauria, Tyrannoraptora, Maniraptoriformes, Maniraptora, Oviraptorosauria, Caenagnathoidea, Oviraptoridae, Oviraptorinae, Citipati",osmolskae
757,Oryctodromeus,"Dinosauria, Ornithischia, Oryctodromeus",cubicularis
817,Avaceratops,"Dinosauria, Ornithischia, Genasauria, Cerapoda, Marginocephalia, Ceratopsia, Neoceratopsia, Coronosauria, Ceratopsomorpha, Ceratopsidae, Centrosaurinae, Avaceratops",lammersi
347,Prenocephale,"Dinosauria, Ornithischia, Genasauria, Cerapoda, Marginocephalia, Pachycephalosauria, Goyocephala, Homalocephaloidea, Pachycephalosauridae, Prenocephale",prenes
761,Stegoceras,"Dinosauria, Ornithischia, Genasauria, Cerapoda, Marginocephalia, Pachycephalosauria, Goyocephala, Homalocephaloidea, Pachycephalosauridae, Stegoceras",validum
900,Unenlagia,"Dinosauria, Saurischia, Theropoda, Neotherapoda, Tetanurae, Avetherapoda, Coelurosauria, Tyrannoraptora, Maniraptoriformes, Maniraptora, Paraves, Eumaniraptora, Dromaeosauridae, Unenlagia",comahuensis
171,Struthiosaurus,"Dinosauria, Ornithischia, Genasauria, Thyreophora, Ankylosauromorpha, Ankylosauria, Nodosauridae, Struthiosaurus",austriacus
301,Erlikosaurus,"Dinosauria, Saurischia, Theropoda, Neotherapoda, Tetanurae, Avetherapoda, Coelurosauria, Tyrannoraptora, Maniraptoriformes, Maniraptora, Therizinosauroidea, Therizinosauridae, Erlikosaurus",andrewsi
591,Anserimimus,"Dinosauria, Saurischia, Theropoda, Neotherapoda, Tetanurae, Avetherapoda, Coelurosauria, Tyrannoraptora, Maniraptoriformes, Ornithomimosauria, Ornithomimidae, Anserimimus",planinychus
946,Archaeornithomimus,"Dinosauria, Saurischia, Theropoda, Neotherapoda, Tetanurae, Avetherapoda, Coelurosauria, Tyrannoraptora, Maniraptoriformes, Ornithomimosauria, Ornithomimidae, Archaeornithomimus",asiaticus
908,Thescelosaurus,"Dinosauria, Ornithischia, Genasauria, Cerapoda, Ornithopoda, Euornithopoda, Thescelosaurus",neglectus
169,Proceratosaurus,"Dinosauria, Saurischia, Theropoda, Neotherapoda, Tetanurae, Avetherapoda, Coelurosauria, Proceratosaurus",bradleyi
583,Fukuiraptor,"Dinosauria, Saurischia, Theropoda, Neotherapoda, Tetanurae, Avetherapoda, Carnosauria, Fukuiraptor",kitadaniensis
402,Piatnitzkysaurus,"Dinosauria, Saurischia, Theropoda, Neotherapoda, Tetanurae, Spinosauroidea, Megalosauridae, Eustreptospondylinae, Piatnitzkysaurus",floresi
520,Huayangosaurus,"Dinosauria, Ornithischia, Genasauria, Thyreophora, Stegosauria, Huayangosauridae, Huayangosaurus",taibaii
344,Gastonia,"Dinosauria, Ornithischia, Genasauria, Thyreophora, Ankylosauromorpha, Ankylosauria, Gastonia",burgei
429,Fukuisaurus,"Dinosauria, Ornithischia, Genasauria, Cerapoda, Ornithopoda, Euornithopoda, Iguanadontia, Euiguanadontia, Dryomorpha, Ankylopollexia, Iguanodontoidea, Fukuisaurus",tetoriensius
265,Garudimimus,"Dinosauria, Saurischia, Theropoda, Neotherapoda, Tetanurae, Avetherapoda, Coelurosauria, Tyrannoraptora, Maniraptoriformes, Ornithomimosauria, Garudimimus",brevipes
692,Nothronychus,"Dinosauria, Saurischia, Theropoda, Neotherapoda, Tetanurae, Avetherapoda, Coelurosauria, Tyrannoraptora, Maniraptoriformes, Maniraptora, Therizinosauroidea, Therizinosauridae, Nothronychus",mckinleyi
111,Styracosaurus,"Dinosauria, Ornithischia, Genasauria, Cerapoda, Marginocephalia, Ceratopsia, Neoceratopsia, Coronosauria, Ceratopsomorpha, Ceratopsidae, Centrosaurinae, Styracosaurus",albertensis
475,Monolophosaurus,"Dinosauria, Saurischia, Theropoda, Neotherapoda, Tetanurae, Avetherapoda, Carnosauria, Monolophosaurus",jiangi
164,Elaphrosaurus,"Dinosauria, Saurischia, Theropoda, Neotherapoda, Ceratosauria, Neoceratosauria, Elaphrosaurus",bambergi
609,Europasaurus,"Dinosauria, Saurischia, Sauropodomorpha, Sauropoda, Eusauropoda, Neosauropoda, Macronaria, Europasaurus",holgeri
954,Lophostropheus,"Dinosauria, Saurischia, Lophostropheus",airelensis
121,Dryptosaurus,"Dinosauria, Saurischia, Theropoda, Neotherapoda, Tetanurae, Avetherapoda, Coelurosauria, Tyrannoraptora, Tyrannosauroidea, Dryptosaurus",aquilunguis
366,Irritator,"Dinosauria, Saurischia, Theropoda, Neotherapoda, Tetanurae, Spinosauroidea, Spinosauridae, Spinosaurinae, Irritator",challengeri
511,Sauropelta,"Dinosauria, Ornithischia, Genasauria, Thyreophora, Ankylosauromorpha, Ankylosauria, Nodosauridae, Sauropelta",edwardsorum
409,Vulcanodon,"Dinosauria, Saurischia, Sauropodomorpha, Sauropoda, Vulcanodontidae, Vulcanodon",karibaensis
526,Saichania,"Dinosauria, Ornithischia, Genasauria, Thyreophora, Ankylosauromorpha, Ankylosauria, Ankylosauridae, Saichania",chulsanensis
670,Pentaceratops,"Dinosauria, Ornithischia, Genasauria, Cerapoda, Marginocephalia, Ceratopsia, Neoceratopsia, Coronosauria, Ceratopsomorpha, Ceratopsidae, Chasmosaurinae, Pentaceratops",sternbergi
988,Neovenator,"Dinosauria, Saurischia, Theropoda, Neotherapoda, Tetanurae, Avetherapoda, Carnosauria, Allosauroidea, Carcharodontosauridae, Neovenator",salerii
464,Torosaurus,"Dinosauria, Ornithischia, Genasauria, Cerapoda, Marginocephalia, Ceratopsia, Neoceratopsia, Coronosauria, Ceratopsomorpha, Ceratopsidae, Chasmosaurinae, Torosaurus",latus
577,Carnotaurus,"Dinosauria, Saurischia, Theropoda, Neotherapoda, Ceratosauria, Neoceratosauria, Abelisauridae, Carnotaurus",sastrei
806,Prosaurolophus,"Dinosauria, Ornithischia, Genasauria, Cerapoda, Ornithopoda, Euornithopoda, Iguanadontia, Euiguanadontia, Dryomorpha, Ankylopollexia, Iguanodontoidea, Hadrosauridae, Euhadrosauria, Hadrosaurinae, Prosaurolophus",maximus
772,Sinraptor,"Dinosauria, Saurischia, Theropoda, Neotherapoda, Tetanurae, Avetherapoda, Carnosauria, Allosauroidea, Sinraptoridae, Sinraptor",hepingensis
421,Deltadromeus,"Dinosauria, Saurischia, Theropoda, Neotherapoda, Tetanurae, Avetherapoda, Coelurosauria, Deltadromeus",agilis
617,Metriacanthosaurus,"Dinosauria, Saurischia, Theropoda, Neotherapoda, Tetanurae, Metriacanthosaurus",parkeri
759,Tarchia,"Dinosauria, Ornithischia, Genasauria, Thyreophora, Ankylosauromorpha, Ankylosauria, Ankylosaurinae, Tarchia",gigantea
148,Gorgosaurus,"Dinosauria, Saurischia, Theropoda, Neotherapoda, Tetanurae, Avetherapoda, Coelurosauria, Tyrannoraptora, Tyrannosauroidea, Tyrannosauridae, Albertosaurinae, Gorgosaurus",libratus
654,Aardonyx,"Dinosauria, Saurischia, Sauropodomorpha, Prosauropoda, Anchisauria, Aardonyx",celestae
961,Austrosaurus,"Dinosauria, Saurischia, Sauropodomorpha, Sauropoda, Eusauropoda, Neosauropoda, Macronaria, Camarasauromorpha, Titanosauriformes, Titanosauria, Austrosaurus",mckillopi
942,Azendohsaurus,"Dinosauria, Saurischia, Sauropodomorpha, Prosauropoda, Azendohsaurus",laaroussi
887,Becklespinax,"Dinosauria, Saurischia, Theropoda, Neotherapoda, Tetanurae, Becklespinax",altispinax
645,Borogovia,"Dinosauria, Saurischia, Theropoda, Neotherapoda, Tetanurae, Avetherapoda, Coelurosauria, Tyrannoraptora, Maniraptoriformes, Maniraptora, Paraves, Eumaniraptoria, Troodontidae, Borogovia",gracilicrus
370,Carcharodontosaurus,"Dinosauria, Saurischia, Theropoda, Neotherapoda, Tetanurae, Avetherapoda, Carnosauria, Allosauroidea, Carcharodontosauridae, Carcharodontosaurus",saharicus
510,Chinshakiangosaurus,"Dinosauria, Saurischia, Sauropodomorpha, Sauropoda, Chinshakiangosaurus",zhongheensis
608,Coloradisaurus,"Dinosauria, Saurischia, Sauropodomorpha, Prosauropoda, Plateosauria, Plateosauridae, Coloradisaurus",brevis
632,Deinocheirus,"Dinosauria, Saurischia, Theropoda, Neotherapoda, Tetanurae, Avetherapoda, Coelurosauria, Tyrannoraptora, Maniraptoriformes, Ornithomimosauria, Deinocheirus",mirificus
904,Dracorex,"Dinosauria, Ornithischia, Genasauria, Cerapoda, Marginocephalia, Pachycephalosauria, Goyocephala, Homalocephaloidea, Pachycephalosauridae, Dracorex",hogwartsia
435,Erketu,"Dinosauria, Saurischia, Sauropodomorpha, Sauropoda, Eusauropoda, Neosauropoda, Macronaria, Camarasauromorpha, Titanosauriformes, Titanosauria, Erketu",ellisoni
294,Euskelosaurus,"Dinosauria, Saurischia, Sauropodomorpha, Prosauropoda, Plateosauria, Plateosauridae, Euskelosaurus",browni
726,Gasparinisaura,"Dinosauria, Ornithischia, Genasauria, Cerapoda, Ornithopoda, Euornithopoda, Gasparinisaura",cincosaltensis
805,Gobisaurus,"Dinosauria, Ornithischia, Genasauria, Thyreophora, Ankylosauromorpha, Ankylosauria, Ankylosauridae, Gobisaurus",domoculus
522,Guaibasaurus,"Dinosauria, Saurischia, Theropoda, Guaibasaurus",candelariensis
480,Haplocanthosaurus,"Dinosauria, Saurischia, Sauropodomorpha, Sauropoda, Eusauropoda, Neosauropoda, Macronaria, Camarasauromorpha, Camarasauridae, Haplocanthosaurus",priscus
118,Leaellynasaura,"Dinosauria, Ornithischia, Genasauria, Cerapoda, Ornithopoda, Euornithopoda, Leaellynasaura",amicagraphica
786,Ligabuesaurus,"Dinosauria, Saurischia, Sauropodomorpha, Sauropoda, Eusauropoda, Neosauropoda, Macronaria, Camarasauromorpha, Titanosauriformes, Titanosauria, Ligabuesaurus",leanzai
415,Lophorhothon,"Dinosauria, Ornithischia, Genasauria, Cerapoda, Ornithopoda, Euornithopoda, Iguanadontia, Euiguanadontia, Dryomorpha, Ankylopollexia, Iguanodontoidea, Hadrosauridae, Euhadrosauria, Hadrosaurinae, Lophorhothon",atopus
180,Mapusaurus,"Dinosauria, Saurischia, Theropoda, Neotherapoda, Tetanurae, Avetherapoda, Carnosauria, Allosauroidea, Allosauridae, Charcharodontosauridae, Giganotosaurinae, Mapusaurus",roseae
722,Microceratops,"Dinosauria, Ornithischia, Genasauria, Cerapoda, Marginocephalia, Ceratopsia, Neoceratopsia, Coronosauria, Microceratops",gobiensis
109,Mussaurus,"Dinosauria, Saurischia, Sauropodomorpha, Prosauropoda, Plateosauria, Plateosauridae, Mussaurus",patagonicus
160,Noasaurus,"Dinosauria, Saurischia, Theropoda, Neotherapoda, Ceratosauria, Neoceratosauria, Abelisauroidea, Abelisauria, Noasaurus",leali
466,Paralititan,"Dinosauria, Saurischia, Sauropodomorpha, Sauropoda, Eusauropoda, Neosauropoda, Macronaria, Camarasauromorpha, Titanosauriformes, Titanosauria, Lithostrotia, Paralititan",stromeri
564,Pelorosaurus,"Dinosauria, Saurischia, Sauropodomorpha, Sauropoda, Eusauropoda, Neosauropoda, Macronaria, Camarasauromorpha, Titanosauriformes, Pelorosaurus",conybearei
359,Quaesitosaurus,"Dinosauria, Saurischia, Sauropodomorpha, Sauropoda, Eusauropoda, Neosauropoda, Diplodocoidea, Nemegtosauridae, Quaesitosaurus",orientalis
732,Rhoetosaurus,"Dinosauria, Saurischia, Sauropodomorpha, Sauropoda, Rhoetosaurus",brownei
686,Rinchenia,"Dinosauria, Saurischia, Theropoda, Neotherapoda, Tetanurae, Avetherapoda, Coelurosauria, Tyrannoraptora, Maniraptoriformes, Maniraptora, Oviraptorosauria, Caenagnathoidea, Oviraptoridae, Oviraptorinae, Rinchenia",mongoliensis
151,Seismosaurus,"Dinosauria, Saurischia, Sauropodomorpha, Sauropoda, Eusauropoda, Neosauropoda, Diplodocoidea, Diplodocidae, Seismosaurus",hallorum
388,Sinvenator,"Dinosauria, Saurischia, Theropoda, Neotherapoda, Tetanurae, Avetherapoda, Coelurosauria, Tyrannoraptora, Maniraptoriformes, Maniraptora, Paraves, Eumaniraptoria, Troodontidae, Sinvenator",changii
746,Stenopelix,"Dinosauria, Ornithischia, Genasauria, Cerapoda, Marginocephalia, Pachycephalosauria, Stenopelix",valdensis
833,Thecodontosaurus,"Dinosauria, Saurischia, Sauropodomorpha, Prosauropoda, Thecodontosaurus",antiquus
841,Yinlong,"Dinosauria, Ornithischia, Genasauria, Cerapoda, Marginocephalia, Ceratopsia, Yinlong",downsi
219,Confuciusornis,"Dinosauria, Saurischia, Theropoda, Neotherapoda, Tetanurae, Avetherapoda, Coelurosauria, Tyrannoraptora, Maniraptoriformes, Maniraptora, Paraves, Eumaniraptoria, Avialae, Ornithurae, Avibrevicauda, Pygostylia, Confuciusornithidae, Confuciusornis",sanctus
599,Shanag,"Dinosauria, Saurischia, Shanag",ashile
119,Syntarsus ,"Dinosauria, Saurischia, Theropoda, Neotherapoda, Ceratosauria, Coelophysoidea, Coelophysidae, Syntarsus",rhodesiensis
307,Sinocalliopteryx,"Dinosauria, Saurischia, Sinocalliopteryx",gigas
595,Riojasaurus,"Dinosauria, Saurischia, Sauropodomorpha, Prosauropoda, Anchisauria, Melanorosauridae, Riojasaurus",incertus
926,Liaoxiornis,"Dinosauria, Saurischia, Theropoda, Neotherapoda, Tetanurae, Avetherapoda, Coelurosauria, Tyrannoraptora, Maniraptoriformes, Maniraptora, Paraves, Eumaniraptoria, Avialae, Ornithurae, Avibrevicauda, Pygostylia, Ornithathoraces, Enantiornithes, Liaoxiornis",delicatus
242,Lexovisaurus,"Dinosauria, Ornithischia, Genasauria, Thyreophora, Stegosauria, Stegosauridae, Stegosaurinae, Lexovisaurus",durobrivensis
740,Magyarosaurus,"Dinosauria, Saurischia, Sauropodomorpha, Sauropoda, Eusauropoda, Neosauropoda, Macronaria, Camarasauromorpha, Titanosauriformes, Titanosauria, Lithostrotia, Magyarosaurus",dacus
563,Arrhinoceratops,"Dinosauria, Ornithischia, Genasauria, Cerapoda, Marginocephalia, Ceratopsia, Neoceratopsia, Coronosauria, Ceratopsomorpha, Ceratopsidae, Chasmosaurinae, Arrhinoceratops",brachyops
155,Wuerhosaurus,"Dinosauria, Ornithischia, Genasauria, Thyreophora, Stegosauria, Stegosauridae, Stegosaurinae, Wuerhosaurus",homheni
779,Chirostenotes,"Dinosauria, Saurischia, Theropoda, Neotherapoda, Tetanurae, Avetherapoda, Coelurosauria, Tyrannoraptora, Maniraptoriformes, Maniraptora, Oviraptorosauria, Caenagnathoidea, Caenagnathidae, Chirostenotes",pergracilis
317,Euhelopus,"Dinosauria, Saurischia, Sauropodomorpha, Sauropoda, Eusauropoda, Euhelopus",zdanskyi
916,Neuquenosaurus,"Dinosauria, Saurischia, Sauropodomorpha, Sauropoda, Eusauropoda, Neosauropoda, Macronaria, Camarasauromorpha, Titanosauriformes, Titanosauria, Lithostrotia, Saltasauridae, Neuquenosaurus",australis
325,Tsintaosaurus,"Dinosauria, Ornithischia, Genasauria, Cerapoda, Ornithopoda, Euornithopoda, Iguanadontia, Euiguanadontia, Dryomorpha, Ankylopollexia, Iguanodontoidea, Hadrosauridae, Euhadrosauria, Lambeosaurinae, Tsintaosaurus",spinorhinus
451,Pelicanimimus,"Dinosauria, Saurischia, Theropoda, Neotherapoda, Tetanurae, Avetherapoda, Coelurosauria, Tyrannoraptora, Maniraptoriformes, Ornithomimosauria, Pelicanimimus",polyodon
922,Supersaurus,"Dinosauria, Saurischia, Sauropodomorpha, Sauropoda, Eusauropoda, Neosauropoda, Diplodocoidea, Diplodocidae, Supersaurus",vivianae
437,Nanshiungosaurus,"Dinosauria, Saurischia, Theropoda, Neotherapoda, Tetanurae, Avetherapoda, Coelurosauria, Tyrannoraptora, Maniraptoriformes, Maniraptora, Therizinosauroidea, Therizinosauridae, Nanshiungosaurus",brevispinus